{"items":[{"label":"577e7a175457a30f653068ee","uri":"https://openei.org/apps/USURDB/rate/view/577e7a175457a30f653068ee","revisions":[1467884983,1467885149,1502202615],"approved":true,"utility":"Austin Energy","eiaid":1015,"name":"Residential - Outside Austin","startdate":1459468800,"enddate":1483146000,"supersedes":"54b961135357a3fa3941fdf0","sector":"Residential","description":"This rate applies to electric service for residential purposes to single-family dwellings and single metered apartment units located outside the city limits of Austin. This rate does not apply if a portion of the dwelling or unit is used for non-residential purposes unless such use qualifies as a home occupation as defined by Austin City Code Section 25-2-900.","source":"http://austinenergy.com/wps/wcm/connect/4f5bf55e-f9a5-4997-8b00-c531065bd279/ResidentialAustin.pdf?MOD=AJPERES","sourceparent":"http://austinenergy.com","flatdemandunit":"kW","demandrateunit":"kW","energyratestructure":[[{"max":500,"unit":"kWh","rate":0.018,"adj":0.04604},{"max":1000,"unit":"kWh","rate":0.056,"adj":0.04604},{"unit":"kWh","rate":0.0717,"adj":0.04604}],[{"max":500,"unit":"kWh","rate":0.0375,"adj":0.04604},{"max":1000,"unit":"kWh","rate":0.08,"adj":0.04604},{"unit":"kWh","rate":0.09325,"adj":0.04604}]],"energyweekdayschedule":[[0,0,0,0,0,0,0,0,0,0,0,0,0,0,0,0,0,0,0,0,0,0,0,0],[0,0,0,0,0,0,0,0,0,0,0,0,0,0,0,0,0,0,0,0,0,0,0,0],[0,0,0,0,0,0,0,0,0,0,0,0,0,0,0,0,0,0,0,0,0,0,0,0],[0,0,0,0,0,0,0,0,0,0,0,0,0,0,0,0,0,0,0,0,0,0,0,0],[0,0,0,0,0,0,0,0,0,0,0,0,0,0,0,0,0,0,0,0,0,0,0,0],[1,1,1,1,1,1,1,1,1,1,1,1,1,1,1,1,1,1,1,1,1,1,1,1],[1,1,1,1,1,1,1,1,1,1,1,1,1,1,1,1,1,1,1,1,1,1,1,1],[1,1,1,1,1,1,1,1,1,1,1,1,1,1,1,1,1,1,1,1,1,1,1,1],[1,1,1,1,1,1,1,1,1,1,1,1,1,1,1,1,1,1,1,1,1,1,1,1],[0,0,0,0,0,0,0,0,0,0,0,0,0,0,0,0,0,0,0,0,0,0,0,0],[0,0,0,0,0,0,0,0,0,0,0,0,0,0,0,0,0,0,0,0,0,0,0,0],[0,0,0,0,0,0,0,0,0,0,0,0,0,0,0,0,0,0,0,0,0,0,0,0]],"energyweekendschedule":[[0,0,0,0,0,0,0,0,0,0,0,0,0,0,0,0,0,0,0,0,0,0,0,0],[0,0,0,0,0,0,0,0,0,0,0,0,0,0,0,0,0,0,0,0,0,0,0,0],[0,0,0,0,0,0,0,0,0,0,0,0,0,0,0,0,0,0,0,0,0,0,0,0],[0,0,0,0,0,0,0,0,0,0,0,0,0,0,0,0,0,0,0,0,0,0,0,0],[0,0,0,0,0,0,0,0,0,0,0,0,0,0,0,0,0,0,0,0,0,0,0,0],[1,1,1,1,1,1,1,1,1,1,1,1,1,1,1,1,1,1,1,1,1,1,1,1],[1,1,1,1,1,1,1,1,1,1,1,1,1,1,1,1,1,1,1,1,1,1,1,1],[1,1,1,1,1,1,1,1,1,1,1,1,1,1,1,1,1,1,1,1,1,1,1,1],[1,1,1,1,1,1,1,1,1,1,1,1,1,1,1,1,1,1,1,1,1,1,1,1],[0,0,0,0,0,0,0,0,0,0,0,0,0,0,0,0,0,0,0,0,0,0,0,0],[0,0,0,0,0,0,0,0,0,0,0,0,0,0,0,0,0,0,0,0,0,0,0,0],[0,0,0,0,0,0,0,0,0,0,0,0,0,0,0,0,0,0,0,0,0,0,0,0]],"energycomments":"Adjustments = Power Supply adjustment + Regulatory charge + Community Benefit charge","fixedmonthlycharge":10}]}