{"items":[{"label":"539fbd03ec4f024c27d876b5","uri":"https://openei.org/apps/USURDB/rate/view/539fbd03ec4f024c27d876b5","approved":true,"demandrateunit":"kW","description":"Available in territory served by the Cooperative where the AMI system is operational, in accordance with the Cooperative's Service Rules and Regulations.\nAPPLICABILITY\nApplicable only for residential and farm use requiring 50 kVA or less transformer capacity, and for uses incidental thereto, supplied through one meter to each individual dwelling unit. The capacity of individual motors served under this schedule shall not exceed ten (10) horsepower, without the consent of the Cooperative.\nTYPE OF SERVICE\nSingle-phase, 60 hertz, at available secondary voltages.","startdate":1301637600,"eiaid":10668,"energyratestructure":[[{"rate":0.08018,"adj":0.012,"unit":"kWh"}],[{"rate":0.08949,"adj":0.012,"unit":"kWh"}],[{"rate":0.17469,"adj":0.012,"unit":"kWh"}]],"energyweekdayschedule":[[0,0,0,0,0,0,0,1,1,1,1,1,1,1,1,2,2,2,2,2,2,0,0,0],[0,0,0,0,0,0,0,1,1,1,1,1,1,1,1,2,2,2,2,2,2,0,0,0],[0,0,0,0,0,0,0,1,1,1,1,1,1,1,1,2,2,2,2,2,2,0,0,0],[0,0,0,0,0,0,0,1,1,1,1,1,1,1,1,2,2,2,2,2,2,0,0,0],[0,0,0,0,0,0,0,1,1,1,1,1,1,1,1,2,2,2,2,2,2,0,0,0],[0,0,0,0,0,0,0,1,1,1,1,1,1,1,1,2,2,2,2,2,2,0,0,0],[0,0,0,0,0,0,0,1,1,1,1,1,1,1,1,2,2,2,2,2,2,0,0,0],[0,0,0,0,0,0,0,1,1,1,1,1,1,1,1,2,2,2,2,2,2,0,0,0],[0,0,0,0,0,0,0,1,1,1,1,1,1,1,1,2,2,2,2,2,2,0,0,0],[0,0,0,0,0,0,0,1,1,1,1,1,1,1,1,2,2,2,2,2,2,0,0,0],[0,0,0,0,0,0,0,1,1,1,1,1,1,1,1,2,2,2,2,2,2,0,0,0],[0,0,0,0,0,0,0,1,1,1,1,1,1,1,1,2,2,2,2,2,2,0,0,0]],"energyweekendschedule":[[0,0,0,0,0,0,0,1,1,1,1,1,1,1,1,2,2,2,2,2,2,0,0,0],[0,0,0,0,0,0,0,1,1,1,1,1,1,1,1,2,2,2,2,2,2,0,0,0],[0,0,0,0,0,0,0,1,1,1,1,1,1,1,1,2,2,2,2,2,2,0,0,0],[0,0,0,0,0,0,0,1,1,1,1,1,1,1,1,2,2,2,2,2,2,0,0,0],[0,0,0,0,0,0,0,1,1,1,1,1,1,1,1,2,2,2,2,2,2,0,0,0],[0,0,0,0,0,0,0,1,1,1,1,1,1,1,1,2,2,2,2,2,2,0,0,0],[0,0,0,0,0,0,0,1,1,1,1,1,1,1,1,2,2,2,2,2,2,0,0,0],[0,0,0,0,0,0,0,1,1,1,1,1,1,1,1,2,2,2,2,2,2,0,0,0],[0,0,0,0,0,0,0,1,1,1,1,1,1,1,1,2,2,2,2,2,2,0,0,0],[0,0,0,0,0,0,0,1,1,1,1,1,1,1,1,2,2,2,2,2,2,0,0,0],[0,0,0,0,0,0,0,1,1,1,1,1,1,1,1,2,2,2,2,2,2,0,0,0],[0,0,0,0,0,0,0,1,1,1,1,1,1,1,1,2,2,2,2,2,2,0,0,0]],"flatdemandunit":"kW","name":"RESIDENTIAL SERVICE - TIME OF USE","revisions":[1339526088,1339526264,1354937187,1386087638,1399491503,1427405205],"sector":"Residential","source":"http://www.theenergycoop.com/Files/2011Rates.pdf","utility":"Licking Rural Electric Inc","fixedmonthlycharge":20}]}