{"items":[{"label":"539fb47aec4f024bc1dbe9dd","uri":"https://openei.org/apps/USURDB/rate/view/539fb47aec4f024bc1dbe9dd","revisions":[1329765422,1329765528,1335315839,1339613075,1339613119,1354963307,1427405196,1438781910,1438782014],"approved":true,"utility":"City of Lewes, Delaware (Utility Company)","eiaid":10935,"name":"Residential","startdate":1275350400,"sector":"Residential","description":"Service is available under this Rate Schedule for single-family residential home and farm use only. Incidental use of the Residence for other purposes may be permitted, if approved by the Board of Public Works (BPW). However, Residences used principally for commercial purposes, such as rooming or boarding rental, may not be served under this Rate Schedule, unless the commercial use is metered and served separately under the appropriate Rate Schedule.\r\n\r\nThe purchased power cost adjustment (PPCA) to reconcile over or under collections of power supply costs will apply to all service supplied under this Rate Schedule.\r\n\r\nThe Minimum Bill for montly service shall be the Ready to Serve Charge. Properties unoccupied for periods of time will not be excluded, unless service is discontinued.\r\n\r\n*The Ready to Service Change will be increased by $10.00 for three-phase service","source":"http://www.ci.lewes.de.us/Residential-Electric-Rates/","sourceparent":"http://www.ci.lewes.de.us/index.cfm?ref=98765","phasewiring":"Single Phase","demandrateunit":"kW","energyratestructure":[[{"rate":0.123804}]],"energyweekdayschedule":[[0,0,0,0,0,0,0,0,0,0,0,0,0,0,0,0,0,0,0,0,0,0,0,0],[0,0,0,0,0,0,0,0,0,0,0,0,0,0,0,0,0,0,0,0,0,0,0,0],[0,0,0,0,0,0,0,0,0,0,0,0,0,0,0,0,0,0,0,0,0,0,0,0],[0,0,0,0,0,0,0,0,0,0,0,0,0,0,0,0,0,0,0,0,0,0,0,0],[0,0,0,0,0,0,0,0,0,0,0,0,0,0,0,0,0,0,0,0,0,0,0,0],[0,0,0,0,0,0,0,0,0,0,0,0,0,0,0,0,0,0,0,0,0,0,0,0],[0,0,0,0,0,0,0,0,0,0,0,0,0,0,0,0,0,0,0,0,0,0,0,0],[0,0,0,0,0,0,0,0,0,0,0,0,0,0,0,0,0,0,0,0,0,0,0,0],[0,0,0,0,0,0,0,0,0,0,0,0,0,0,0,0,0,0,0,0,0,0,0,0],[0,0,0,0,0,0,0,0,0,0,0,0,0,0,0,0,0,0,0,0,0,0,0,0],[0,0,0,0,0,0,0,0,0,0,0,0,0,0,0,0,0,0,0,0,0,0,0,0],[0,0,0,0,0,0,0,0,0,0,0,0,0,0,0,0,0,0,0,0,0,0,0,0]],"energyweekendschedule":[[0,0,0,0,0,0,0,0,0,0,0,0,0,0,0,0,0,0,0,0,0,0,0,0],[0,0,0,0,0,0,0,0,0,0,0,0,0,0,0,0,0,0,0,0,0,0,0,0],[0,0,0,0,0,0,0,0,0,0,0,0,0,0,0,0,0,0,0,0,0,0,0,0],[0,0,0,0,0,0,0,0,0,0,0,0,0,0,0,0,0,0,0,0,0,0,0,0],[0,0,0,0,0,0,0,0,0,0,0,0,0,0,0,0,0,0,0,0,0,0,0,0],[0,0,0,0,0,0,0,0,0,0,0,0,0,0,0,0,0,0,0,0,0,0,0,0],[0,0,0,0,0,0,0,0,0,0,0,0,0,0,0,0,0,0,0,0,0,0,0,0],[0,0,0,0,0,0,0,0,0,0,0,0,0,0,0,0,0,0,0,0,0,0,0,0],[0,0,0,0,0,0,0,0,0,0,0,0,0,0,0,0,0,0,0,0,0,0,0,0],[0,0,0,0,0,0,0,0,0,0,0,0,0,0,0,0,0,0,0,0,0,0,0,0],[0,0,0,0,0,0,0,0,0,0,0,0,0,0,0,0,0,0,0,0,0,0,0,0],[0,0,0,0,0,0,0,0,0,0,0,0,0,0,0,0,0,0,0,0,0,0,0,0]],"fixedattrs":[{"Service Charge for Three Phase:":"$24"}],"fixedmonthlycharge":14}]}