{"items":[{"label":"587e3ee85457a37032316ce6","uri":"https://openei.org/apps/USURDB/rate/view/587e3ee85457a37032316ce6","revisions":[1484643448,1484643708],"approved":true,"utility":"Los Angeles Department of Water & Power","eiaid":11208,"name":"Residential Multi-Family (R-3)","startdate":1483228800,"supersedes":"572136565457a39651b3387d","sector":"Residential","description":"Applicable to master-metered residential facilities and mobile home parks, where the individual single-family accommodations are privately Sub-metered.","source":"https://www.ladwp.com/ladwp/faces/ladwp/aboutus/a-financesandreports/a-fr-electricrates/a-fr-er-electricrateschedules?_adf.ctrl-state=o2onhpw9t_495&_afrLoop=16604195568848\r\n\r\nhttps://www.ladwp.com/ladwp/faces/ladwp/aboutus/a-financesandreports/a-fr-electricrates/a-fr-er-energysubsidyadjustmentfactor?_afrLoop=18173565921688&_afrWindowMode=0&_afrWindowId=o2onhpw9t_246#%40%3F_afrWindowId%3Do2onhpw9t_246%26_afrLoop%3D18173565921688%26_afrWindowMode%3D0%26_adf.ctrl-state%3Do2onhpw9t_529","sourceparent":"https://www.ladwp.com","flatdemandunit":"kW","flatdemandstructure":[[{"rate":6.3,"adj":2.12}],[{"rate":10,"adj":2.12}]],"flatdemandmonths":[0,0,0,0,0,1,1,1,1,0,0,0],"demandrateunit":"kW","energyratestructure":[[{"unit":"kWh","rate":0.0406,"adj":0.06656}],[{"unit":"kWh","rate":0.0471,"adj":0.06656}]],"energyweekdayschedule":[[0,0,0,0,0,0,0,0,0,0,0,0,0,0,0,0,0,0,0,0,0,0,0,0],[0,0,0,0,0,0,0,0,0,0,0,0,0,0,0,0,0,0,0,0,0,0,0,0],[0,0,0,0,0,0,0,0,0,0,0,0,0,0,0,0,0,0,0,0,0,0,0,0],[0,0,0,0,0,0,0,0,0,0,0,0,0,0,0,0,0,0,0,0,0,0,0,0],[0,0,0,0,0,0,0,0,0,0,0,0,0,0,0,0,0,0,0,0,0,0,0,0],[1,1,1,1,1,1,1,1,1,1,1,1,1,1,1,1,1,1,1,1,1,1,1,1],[1,1,1,1,1,1,1,1,1,1,1,1,1,1,1,1,1,1,1,1,1,1,1,1],[1,1,1,1,1,1,1,1,1,1,1,1,1,1,1,1,1,1,1,1,1,1,1,1],[1,1,1,1,1,1,1,1,1,1,1,1,1,1,1,1,1,1,1,1,1,1,1,1],[0,0,0,0,0,0,0,0,0,0,0,0,0,0,0,0,0,0,0,0,0,0,0,0],[0,0,0,0,0,0,0,0,0,0,0,0,0,0,0,0,0,0,0,0,0,0,0,0],[0,0,0,0,0,0,0,0,0,0,0,0,0,0,0,0,0,0,0,0,0,0,0,0]],"energyweekendschedule":[[0,0,0,0,0,0,0,0,0,0,0,0,0,0,0,0,0,0,0,0,0,0,0,0],[0,0,0,0,0,0,0,0,0,0,0,0,0,0,0,0,0,0,0,0,0,0,0,0],[0,0,0,0,0,0,0,0,0,0,0,0,0,0,0,0,0,0,0,0,0,0,0,0],[0,0,0,0,0,0,0,0,0,0,0,0,0,0,0,0,0,0,0,0,0,0,0,0],[0,0,0,0,0,0,0,0,0,0,0,0,0,0,0,0,0,0,0,0,0,0,0,0],[1,1,1,1,1,1,1,1,1,1,1,1,1,1,1,1,1,1,1,1,1,1,1,1],[1,1,1,1,1,1,1,1,1,1,1,1,1,1,1,1,1,1,1,1,1,1,1,1],[1,1,1,1,1,1,1,1,1,1,1,1,1,1,1,1,1,1,1,1,1,1,1,1],[1,1,1,1,1,1,1,1,1,1,1,1,1,1,1,1,1,1,1,1,1,1,1,1],[0,0,0,0,0,0,0,0,0,0,0,0,0,0,0,0,0,0,0,0,0,0,0,0],[0,0,0,0,0,0,0,0,0,0,0,0,0,0,0,0,0,0,0,0,0,0,0,0],[0,0,0,0,0,0,0,0,0,0,0,0,0,0,0,0,0,0,0,0,0,0,0,0]],"energycomments":"Adjustments = Energy Cost adjustment + Energy Subsidy adjustment + Reliability Cost adjustment + Incremental Reliability Cost adjustment + Variable Energy adjustment + Capped Renewable Portfolio Standard Energy adjustment + Variable Renewable Portfolio Standard Energy adjustment","fixedmonthlycharge":25}]}