{"items":[{"label":"539fbdebec4f024c27d88087","uri":"https://openei.org/apps/USURDB/rate/view/539f6bdcec4f024411eca205","revisions":[1400255351,1400255526,1401980794,1401980949,1406283704,1427405204,1497970528],"approved":true,"utility":"City of Loveland, Colorado (Utility Company)","eiaid":11256,"name":"Schedule RD- Residential Demand","startdate":1388538000,"enddate":1483146000,"supersedes":"539f6bdcec4f024411eca205","sector":"Residential","description":"* Residential Demand Service is available for single-family dwelling units and individually metered multi-family dwelling units at any location within the area served by Loveland Water and Power. Single-family dwelling units and individually metered multi-family units shall mean those buildings or dwelling units used solely as residences and not used in part for any other purpose. Existing accounts may elect service under this schedule by making application to Loveland Water and Power. Service will be delivered through a single meter per dwelling unit, at one point of delivery. \r\n\r\n* The demand shall be the highest rate of use in kilowatts during any 15 minute interval of the billing period. \r\n\r\n* Power factor charge of one hundred percent of the power factor charge incurred by the City on account of and attributable to service to the customer may be billed to the customer.","source":"http://www.cityofloveland.org/modules/showdocument.aspx?documentid=18009","sourceparent":"http://www.cityofloveland.org/index.aspx?page=345","flatdemandunit":"kW","flatdemandstructure":[[{"rate":7.3}],[{"rate":8.8}]],"flatdemandmonths":[0,0,0,0,0,0,1,1,1,0,0,0],"demandrateunit":"kW","energyratestructure":[[{"unit":"kWh","rate":0.0315,"adj":0.00438}],[{"unit":"kWh","rate":0.0315,"adj":0.00504}]],"energyweekdayschedule":[[0,0,0,0,0,0,0,0,0,0,0,0,0,0,0,0,0,0,0,0,0,0,0,0],[0,0,0,0,0,0,0,0,0,0,0,0,0,0,0,0,0,0,0,0,0,0,0,0],[0,0,0,0,0,0,0,0,0,0,0,0,0,0,0,0,0,0,0,0,0,0,0,0],[0,0,0,0,0,0,0,0,0,0,0,0,0,0,0,0,0,0,0,0,0,0,0,0],[0,0,0,0,0,0,0,0,0,0,0,0,0,0,0,0,0,0,0,0,0,0,0,0],[0,0,0,0,0,0,0,0,0,0,0,0,0,0,0,0,0,0,0,0,0,0,0,0],[1,1,1,1,1,1,1,1,1,1,1,1,1,1,1,1,1,1,1,1,1,1,1,1],[1,1,1,1,1,1,1,1,1,1,1,1,1,1,1,1,1,1,1,1,1,1,1,1],[1,1,1,1,1,1,1,1,1,1,1,1,1,1,1,1,1,1,1,1,1,1,1,1],[0,0,0,0,0,0,0,0,0,0,0,0,0,0,0,0,0,0,0,0,0,0,0,0],[0,0,0,0,0,0,0,0,0,0,0,0,0,0,0,0,0,0,0,0,0,0,0,0],[0,0,0,0,0,0,0,0,0,0,0,0,0,0,0,0,0,0,0,0,0,0,0,0]],"energyweekendschedule":[[0,0,0,0,0,0,0,0,0,0,0,0,0,0,0,0,0,0,0,0,0,0,0,0],[0,0,0,0,0,0,0,0,0,0,0,0,0,0,0,0,0,0,0,0,0,0,0,0],[0,0,0,0,0,0,0,0,0,0,0,0,0,0,0,0,0,0,0,0,0,0,0,0],[0,0,0,0,0,0,0,0,0,0,0,0,0,0,0,0,0,0,0,0,0,0,0,0],[0,0,0,0,0,0,0,0,0,0,0,0,0,0,0,0,0,0,0,0,0,0,0,0],[0,0,0,0,0,0,0,0,0,0,0,0,0,0,0,0,0,0,0,0,0,0,0,0],[1,1,1,1,1,1,1,1,1,1,1,1,1,1,1,1,1,1,1,1,1,1,1,1],[1,1,1,1,1,1,1,1,1,1,1,1,1,1,1,1,1,1,1,1,1,1,1,1],[1,1,1,1,1,1,1,1,1,1,1,1,1,1,1,1,1,1,1,1,1,1,1,1],[0,0,0,0,0,0,0,0,0,0,0,0,0,0,0,0,0,0,0,0,0,0,0,0],[0,0,0,0,0,0,0,0,0,0,0,0,0,0,0,0,0,0,0,0,0,0,0,0],[0,0,0,0,0,0,0,0,0,0,0,0,0,0,0,0,0,0,0,0,0,0,0,0]],"fixedmonthlycharge":19.05}]}