{"items":[{"label":"583dc0eb5457a3d50b012524","uri":"https://openei.org/apps/USURDB/rate/view/583dc0eb5457a3d50b012524","revisions":[1480416891,1480417214],"approved":true,"utility":"Bangor Hydro-Electric Co","eiaid":1179,"name":"Rate A-4 Residential Service - Time of Use","startdate":1467327600,"supersedes":"566b502a5457a39f7cb1cdd8","sector":"Residential","description":"Service under this rate is available for lighting and other domestic purposes in individual apartments. This rate is required for all existing customers where kilowatt-hour usage exceeds 2,000 kWh in any one month of November, December, January, and February of the prior 12-month period. Customers taking service under this rate schedule are responsible for paying both Distribution Service and Stranded Cost.","source":"http://www.emeramaine.com/media/32093/rate_a4_restou.pdf","sourceparent":"http://www.emeramaine.com/residential/rates/","peakkwhusagemin":2000,"flatdemandunit":"kW","demandrateunit":"kW","energyratestructure":[[{"unit":"kWh","rate":0.06345,"adj":0.0663}],[{"unit":"kWh","rate":0.10224,"adj":0.0663}],[{"unit":"kWh","rate":0.11434,"adj":0.0663}]],"energyweekdayschedule":[[0,0,0,0,0,0,0,2,2,2,2,2,1,1,1,1,2,2,2,2,0,0,0,0],[0,0,0,0,0,0,0,2,2,2,2,2,1,1,1,1,2,2,2,2,0,0,0,0],[0,0,0,0,0,0,0,2,2,2,2,2,1,1,1,1,2,2,2,2,0,0,0,0],[0,0,0,0,0,0,0,2,2,2,2,2,1,1,1,1,2,2,2,2,0,0,0,0],[0,0,0,0,0,0,0,2,2,2,2,2,1,1,1,1,2,2,2,2,0,0,0,0],[0,0,0,0,0,0,0,2,2,2,2,2,1,1,1,1,2,2,2,2,0,0,0,0],[0,0,0,0,0,0,0,2,2,2,2,2,1,1,1,1,2,2,2,2,0,0,0,0],[0,0,0,0,0,0,0,2,2,2,2,2,1,1,1,1,2,2,2,2,0,0,0,0],[0,0,0,0,0,0,0,2,2,2,2,2,1,1,1,1,2,2,2,2,0,0,0,0],[0,0,0,0,0,0,0,2,2,2,2,2,1,1,1,1,2,2,2,2,0,0,0,0],[0,0,0,0,0,0,0,2,2,2,2,2,1,1,1,1,2,2,2,2,0,0,0,0],[0,0,0,0,0,0,0,2,2,2,2,2,1,1,1,1,2,2,2,2,0,0,0,0]],"energyweekendschedule":[[0,0,0,0,0,0,0,1,1,1,1,1,1,1,1,1,1,1,1,1,0,0,0,0],[0,0,0,0,0,0,0,1,1,1,1,1,1,1,1,1,1,1,1,1,0,0,0,0],[0,0,0,0,0,0,0,1,1,1,1,1,1,1,1,1,1,1,1,1,0,0,0,0],[0,0,0,0,0,0,0,1,1,1,1,1,1,1,1,1,1,1,1,1,0,0,0,0],[0,0,0,0,0,0,0,1,1,1,1,1,1,1,1,1,1,1,1,1,0,0,0,0],[0,0,0,0,0,0,0,1,1,1,1,1,1,1,1,1,1,1,1,1,0,0,0,0],[0,0,0,0,0,0,0,1,1,1,1,1,1,1,1,1,1,1,1,1,0,0,0,0],[0,0,0,0,0,0,0,1,1,1,1,1,1,1,1,1,1,1,1,1,0,0,0,0],[0,0,0,0,0,0,0,1,1,1,1,1,1,1,1,1,1,1,1,1,0,0,0,0],[0,0,0,0,0,0,0,1,1,1,1,1,1,1,1,1,1,1,1,1,0,0,0,0],[0,0,0,0,0,0,0,1,1,1,1,1,1,1,1,1,1,1,1,1,0,0,0,0],[0,0,0,0,0,0,0,1,1,1,1,1,1,1,1,1,1,1,1,1,0,0,0,0]],"energycomments":"Rate = Total Delivery Service = Transmission Service + Conservation Charge + Distribution Service + Stranded Cost\r\nAdjustments = Standard Offer Service","fixedmonthlycharge":10.53}]}