{"items":[{"label":"577552325457a3724dff4c81","uri":"https://openei.org/apps/USURDB/rate/view/577552325457a3724dff4c81","revisions":[1467284946,1467285083,1467285136,1504713402],"approved":false,"utility":"Massachusetts Electric Co","eiaid":11804,"name":"R-2 Residential","startdate":1462060800,"enddate":1501459200,"supersedes":"54f8b62a5357a32e4c4ae816","sector":"Residential","source":"http://www.nationalgridus.com/masselectric/home/rates/4_lowincome.asp\r\nhttps://www9.nationalgridus.com/non_html/meco.pdf\r\n\r\nhttp://www.nationalgridus.com/masselectric/non_html/MA_Residential_Table.pdf","flatdemandunit":"kW","demandrateunit":"kW","energyratestructure":[[{"max":600,"unit":"kWh","rate":0.08042,"adj":0.07457},{"unit":"kWh","rate":0.08042,"adj":0.08119}]],"energyweekdayschedule":[[0,0,0,0,0,0,0,0,0,0,0,0,0,0,0,0,0,0,0,0,0,0,0,0],[0,0,0,0,0,0,0,0,0,0,0,0,0,0,0,0,0,0,0,0,0,0,0,0],[0,0,0,0,0,0,0,0,0,0,0,0,0,0,0,0,0,0,0,0,0,0,0,0],[0,0,0,0,0,0,0,0,0,0,0,0,0,0,0,0,0,0,0,0,0,0,0,0],[0,0,0,0,0,0,0,0,0,0,0,0,0,0,0,0,0,0,0,0,0,0,0,0],[0,0,0,0,0,0,0,0,0,0,0,0,0,0,0,0,0,0,0,0,0,0,0,0],[0,0,0,0,0,0,0,0,0,0,0,0,0,0,0,0,0,0,0,0,0,0,0,0],[0,0,0,0,0,0,0,0,0,0,0,0,0,0,0,0,0,0,0,0,0,0,0,0],[0,0,0,0,0,0,0,0,0,0,0,0,0,0,0,0,0,0,0,0,0,0,0,0],[0,0,0,0,0,0,0,0,0,0,0,0,0,0,0,0,0,0,0,0,0,0,0,0],[0,0,0,0,0,0,0,0,0,0,0,0,0,0,0,0,0,0,0,0,0,0,0,0],[0,0,0,0,0,0,0,0,0,0,0,0,0,0,0,0,0,0,0,0,0,0,0,0]],"energyweekendschedule":[[0,0,0,0,0,0,0,0,0,0,0,0,0,0,0,0,0,0,0,0,0,0,0,0],[0,0,0,0,0,0,0,0,0,0,0,0,0,0,0,0,0,0,0,0,0,0,0,0],[0,0,0,0,0,0,0,0,0,0,0,0,0,0,0,0,0,0,0,0,0,0,0,0],[0,0,0,0,0,0,0,0,0,0,0,0,0,0,0,0,0,0,0,0,0,0,0,0],[0,0,0,0,0,0,0,0,0,0,0,0,0,0,0,0,0,0,0,0,0,0,0,0],[0,0,0,0,0,0,0,0,0,0,0,0,0,0,0,0,0,0,0,0,0,0,0,0],[0,0,0,0,0,0,0,0,0,0,0,0,0,0,0,0,0,0,0,0,0,0,0,0],[0,0,0,0,0,0,0,0,0,0,0,0,0,0,0,0,0,0,0,0,0,0,0,0],[0,0,0,0,0,0,0,0,0,0,0,0,0,0,0,0,0,0,0,0,0,0,0,0],[0,0,0,0,0,0,0,0,0,0,0,0,0,0,0,0,0,0,0,0,0,0,0,0],[0,0,0,0,0,0,0,0,0,0,0,0,0,0,0,0,0,0,0,0,0,0,0,0],[0,0,0,0,0,0,0,0,0,0,0,0,0,0,0,0,0,0,0,0,0,0,0,0]],"energycomments":"Rate = Basic Service Rate | Adjustments = Base Distribution Charge + Basic Service Ajustmnet + Residential Assist Adj. + Storm Replenishment Adj. + Pension PBOP Adj. + Revenue Decoupling Mechanism + Solar Cost Adj. + Smart Grid Distribution Adj. + Renewable Energy Recover + Base Transition Charge + Transition Charge Adj. + Energy Efficiency Recon. Factor + Energy Efficiency Charge + Renewables Charge + Transmission Charge Adj.","fixedmonthlycharge":4}]}