{"items":[{"label":"57acc0075457a33753c2daa0","uri":"https://openei.org/apps/USURDB/rate/view/57acc0075457a33753c2daa0","revisions":[1470917543,1470917909,1496147733],"approved":false,"utility":"Maui Electric Co Ltd","eiaid":11843,"name":"Lanai-SCHEDULE TOU-R RESIDENTIAL TIME-OF-USE SERVICE - Single Phase","startdate":1464739200,"enddate":1493510400,"supersedes":"5579fd255457a3502a8ba37a","sector":"Residential","description":"AVAILABILITY:\r\nApplicable to residential service metered and billed separately by the Company. This Schedule does not apply where a residence and business are combined. Service under this Schedule will be delivered at secondary voltages as specified by the Company.\r\nMinimum Charge: $18.00\r\n\r\nIRI Rate increase = base rates x 1.042","source":"http://www.mauielectric.com/vcmcontent/StaticFiles/FileScan/PDF/EnergyServices/Tarrifs/MECO/LanaiRatesSchTOU-R.pdf","voltagecategory":"Secondary","phasewiring":"Single Phase","flatdemandunit":"kW","demandrateunit":"kW","energyratestructure":[[{"max":250,"unit":"kWh","rate":0.363908,"adj":0},{"max":750,"unit":"kWh","rate":0.363908,"adj":0.030964},{"unit":"kWh","rate":0.363908,"adj":0.037964}],[{"max":250,"unit":"kWh","rate":0.438908,"adj":0},{"max":750,"unit":"kWh","rate":0.438908,"adj":0.030964},{"unit":"kWh","rate":0.438908,"adj":0.037964}],[{"max":250,"unit":"kWh","rate":0.463908,"adj":0},{"max":750,"unit":"kWh","rate":0.463908,"adj":0.030964},{"unit":"kWh","rate":0.463908,"adj":0.037964}]],"energyweekdayschedule":[[0,0,0,0,0,0,0,1,1,1,1,1,1,1,1,1,1,2,2,2,2,0,0,0],[0,0,0,0,0,0,0,1,1,1,1,1,1,1,1,1,1,2,2,2,2,0,0,0],[0,0,0,0,0,0,0,1,1,1,1,1,1,1,1,1,1,2,2,2,2,0,0,0],[0,0,0,0,0,0,0,1,1,1,1,1,1,1,1,1,1,2,2,2,2,0,0,0],[0,0,0,0,0,0,0,1,1,1,1,1,1,1,1,1,1,2,2,2,2,0,0,0],[0,0,0,0,0,0,0,1,1,1,1,1,1,1,1,1,1,2,2,2,2,0,0,0],[0,0,0,0,0,0,0,1,1,1,1,1,1,1,1,1,1,2,2,2,2,0,0,0],[0,0,0,0,0,0,0,1,1,1,1,1,1,1,1,1,1,2,2,2,2,0,0,0],[0,0,0,0,0,0,0,1,1,1,1,1,1,1,1,1,1,2,2,2,2,0,0,0],[0,0,0,0,0,0,0,1,1,1,1,1,1,1,1,1,1,2,2,2,2,0,0,0],[0,0,0,0,0,0,0,1,1,1,1,1,1,1,1,1,1,2,2,2,2,0,0,0],[0,0,0,0,0,0,0,1,1,1,1,1,1,1,1,1,1,2,2,2,2,0,0,0]],"energyweekendschedule":[[0,0,0,0,0,0,0,1,1,1,1,1,1,1,1,1,1,1,1,1,1,0,0,0],[0,0,0,0,0,0,0,1,1,1,1,1,1,1,1,1,1,1,1,1,1,0,0,0],[0,0,0,0,0,0,0,1,1,1,1,1,1,1,1,1,1,1,1,1,1,0,0,0],[0,0,0,0,0,0,0,1,1,1,1,1,1,1,1,1,1,1,1,1,1,0,0,0],[0,0,0,0,0,0,0,1,1,1,1,1,1,1,1,1,1,1,1,1,1,0,0,0],[0,0,0,0,0,0,0,1,1,1,1,1,1,1,1,1,1,1,1,1,1,0,0,0],[0,0,0,0,0,0,0,1,1,1,1,1,1,1,1,1,1,1,1,1,1,0,0,0],[0,0,0,0,0,0,0,1,1,1,1,1,1,1,1,1,1,1,1,1,1,0,0,0],[0,0,0,0,0,0,0,1,1,1,1,1,1,1,1,1,1,1,1,1,1,0,0,0],[0,0,0,0,0,0,0,1,1,1,1,1,1,1,1,1,1,1,1,1,1,0,0,0],[0,0,0,0,0,0,0,1,1,1,1,1,1,1,1,1,1,1,1,1,1,0,0,0],[0,0,0,0,0,0,0,1,1,1,1,1,1,1,1,1,1,1,1,1,1,0,0,0]],"energycomments":"Energy = Avoided Fuel Cost + Avoided O&M Cost + Power Factor Adjustment | Adjustments = Public Benefits Fund Surcharge + Renewable Energy Infrastructure Cost Recovery Provision + Base Fuel/Energy Charge","fixedattrs":[{"Green Infrastructure Fee":"$1.13/month"}],"minmonthlycharge":18,"fixedmonthlycharge":8.5}]}