{"items":[{"label":"5881345e5457a35973316ce7","uri":"https://openei.org/apps/USURDB/rate/view/5881345e5457a35973316ce7","revisions":[1484837358,1484837583],"approved":true,"utility":"Arizona Public Service Co","eiaid":803,"name":"Residential Service Standard (E-12)","startdate":1464735600,"supersedes":"5748ab725457a37e7d906f5b","sector":"Residential","description":"Fixed monthly charge= 0.285*30","source":"https://www.aps.com/library/rates/e-12.pdf","sourceparent":"https://www.aps.com/en/residential/accountservices/serviceplans/Pages/standard.aspx","flatdemandunit":"kW","energyratestructure":[[{"unit":"kWh","rate":0.09417,"adj":0.01385249}],[{"max":400,"unit":"kWh","rate":0.09687,"adj":0.01394345},{"max":800,"unit":"kWh","rate":0.13817,"adj":0.01548787},{"max":3000,"unit":"kWh","rate":0.16167,"adj":0.01636665},{"unit":"kWh","rate":0.17257,"adj":0.01677426}]],"energyweekdayschedule":[[0,0,0,0,0,0,0,0,0,0,0,0,0,0,0,0,0,0,0,0,0,0,0,0],[0,0,0,0,0,0,0,0,0,0,0,0,0,0,0,0,0,0,0,0,0,0,0,0],[0,0,0,0,0,0,0,0,0,0,0,0,0,0,0,0,0,0,0,0,0,0,0,0],[0,0,0,0,0,0,0,0,0,0,0,0,0,0,0,0,0,0,0,0,0,0,0,0],[1,1,1,1,1,1,1,1,1,1,1,1,1,1,1,1,1,1,1,1,1,1,1,1],[1,1,1,1,1,1,1,1,1,1,1,1,1,1,1,1,1,1,1,1,1,1,1,1],[1,1,1,1,1,1,1,1,1,1,1,1,1,1,1,1,1,1,1,1,1,1,1,1],[1,1,1,1,1,1,1,1,1,1,1,1,1,1,1,1,1,1,1,1,1,1,1,1],[1,1,1,1,1,1,1,1,1,1,1,1,1,1,1,1,1,1,1,1,1,1,1,1],[1,1,1,1,1,1,1,1,1,1,1,1,1,1,1,1,1,1,1,1,1,1,1,1],[0,0,0,0,0,0,0,0,0,0,0,0,0,0,0,0,0,0,0,0,0,0,0,0],[0,0,0,0,0,0,0,0,0,0,0,0,0,0,0,0,0,0,0,0,0,0,0,0]],"energyweekendschedule":[[0,0,0,0,0,0,0,0,0,0,0,0,0,0,0,0,0,0,0,0,0,0,0,0],[0,0,0,0,0,0,0,0,0,0,0,0,0,0,0,0,0,0,0,0,0,0,0,0],[0,0,0,0,0,0,0,0,0,0,0,0,0,0,0,0,0,0,0,0,0,0,0,0],[0,0,0,0,0,0,0,0,0,0,0,0,0,0,0,0,0,0,0,0,0,0,0,0],[1,1,1,1,1,1,1,1,1,1,1,1,1,1,1,1,1,1,1,1,1,1,1,1],[1,1,1,1,1,1,1,1,1,1,1,1,1,1,1,1,1,1,1,1,1,1,1,1],[1,1,1,1,1,1,1,1,1,1,1,1,1,1,1,1,1,1,1,1,1,1,1,1],[1,1,1,1,1,1,1,1,1,1,1,1,1,1,1,1,1,1,1,1,1,1,1,1],[1,1,1,1,1,1,1,1,1,1,1,1,1,1,1,1,1,1,1,1,1,1,1,1],[1,1,1,1,1,1,1,1,1,1,1,1,1,1,1,1,1,1,1,1,1,1,1,1],[0,0,0,0,0,0,0,0,0,0,0,0,0,0,0,0,0,0,0,0,0,0,0,0],[0,0,0,0,0,0,0,0,0,0,0,0,0,0,0,0,0,0,0,0,0,0,0,0]],"energycomments":"Adjustments = Renewable Energy adjustment (in fixed charge) + Four Corners adjustment + System Benefits adjustment + Transmission Cost adjustment + Environmental Improvement surcharge + Demand Side Management adjustment + Lost Fixed Cost Recovery mechanism + Power Supply adjustment","fixedmonthlycharge":8.67}]}