{"items":[{"label":"588135ee5457a3873f316ce6","uri":"https://openei.org/apps/USURDB/rate/view/588135ee5457a3873f316ce6","revisions":[1484837758,1484837949],"approved":true,"utility":"Arizona Public Service Co","eiaid":803,"name":"Residential Service TOU Time Advantage 7PM-Noon (ET-2)","startdate":1464735600,"supersedes":"5748ac7a5457a37d7d906f5b","sector":"Residential","description":"This rate schedule is available in all territory served by the Company at all points where facilities of adequate capacity and the required phase and suitable voltage are adjacent to the sites served. -TH","source":"https://www.aps.com/library/rates/et-2.pdf","sourceparent":"https://www.aps.com/en/residential/accountservices/serviceplans/Pages/time-advantage.aspx","basicinformationcomments":"TOU with Demand - T. Harris","energyratestructure":[[{"unit":"kWh","rate":0.24477,"adj":0.01947417}],[{"unit":"kWh","rate":0.06118,"adj":0.01260883}],[{"unit":"kWh","rate":0.19847,"adj":0.01774279}],[{"unit":"kWh","rate":0.06116,"adj":0.01260808}]],"energyweekdayschedule":[[3,3,3,3,3,3,3,3,3,3,3,3,2,2,2,2,2,2,2,3,3,3,3,3],[3,3,3,3,3,3,3,3,3,3,3,3,2,2,2,2,2,2,2,3,3,3,3,3],[3,3,3,3,3,3,3,3,3,3,3,3,2,2,2,2,2,2,2,3,3,3,3,3],[3,3,3,3,3,3,3,3,3,3,3,3,2,2,2,2,2,2,2,3,3,3,3,3],[1,1,1,1,1,1,1,1,1,1,1,1,0,0,0,0,0,0,0,1,1,1,1,1],[1,1,1,1,1,1,1,1,1,1,1,1,0,0,0,0,0,0,0,1,1,1,1,1],[1,1,1,1,1,1,1,1,1,1,1,1,0,0,0,0,0,0,0,1,1,1,1,1],[1,1,1,1,1,1,1,1,1,1,1,1,0,0,0,0,0,0,0,1,1,1,1,1],[1,1,1,1,1,1,1,1,1,1,1,1,0,0,0,0,0,0,0,1,1,1,1,1],[1,1,1,1,1,1,1,1,1,1,1,1,0,0,0,0,0,0,0,1,1,1,1,1],[3,3,3,3,3,3,3,3,3,3,3,3,2,2,2,2,2,2,2,3,3,3,3,3],[3,3,3,3,3,3,3,3,3,3,3,3,2,2,2,2,2,2,2,3,3,3,3,3]],"energyweekendschedule":[[3,3,3,3,3,3,3,3,3,3,3,3,3,3,3,3,3,3,3,3,3,3,3,3],[3,3,3,3,3,3,3,3,3,3,3,3,3,3,3,3,3,3,3,3,3,3,3,3],[3,3,3,3,3,3,3,3,3,3,3,3,3,3,3,3,3,3,3,3,3,3,3,3],[3,3,3,3,3,3,3,3,3,3,3,3,3,3,3,3,3,3,3,3,3,3,3,3],[1,1,1,1,1,1,1,1,1,1,1,1,1,1,1,1,1,1,1,1,1,1,1,1],[1,1,1,1,1,1,1,1,1,1,1,1,1,1,1,1,1,1,1,1,1,1,1,1],[1,1,1,1,1,1,1,1,1,1,1,1,1,1,1,1,1,1,1,1,1,1,1,1],[1,1,1,1,1,1,1,1,1,1,1,1,1,1,1,1,1,1,1,1,1,1,1,1],[1,1,1,1,1,1,1,1,1,1,1,1,1,1,1,1,1,1,1,1,1,1,1,1],[1,1,1,1,1,1,1,1,1,1,1,1,1,1,1,1,1,1,1,1,1,1,1,1],[3,3,3,3,3,3,3,3,3,3,3,3,3,3,3,3,3,3,3,3,3,3,3,3],[3,3,3,3,3,3,3,3,3,3,3,3,3,3,3,3,3,3,3,3,3,3,3,3]],"energycomments":"Adjustments = Renewable Energy adjustment (in fixed charge) + Four Corners adjustment + System Benefits adjustment + Transmission Cost adjustment + Environmental Improvement surcharge + Demand Side Management adjustment + Lost Fixed Cost Recovery mechanism + Power Supply adjustment","usenetmetering":true,"fixedmonthlycharge":16.91}]}