{"items":[{"label":"539f70c4ec4f024411ecde37","uri":"https://openei.org/apps/USURDB/rate/view/539f70c4ec4f024411ecde37","approved":true,"demandrateunit":"kW","description":"Summer is from jun 15th to Oct 15th.\r\n\r\n\r\nAvailable to an occupied residence, including adjacent farm buildings and other farm use except for crop irrigation, with 50 kVA or less required transformer capacity, within the District's service area, when electric service is measured by one meter.","startdate":1358643600,"eiaid":13664,"energyratestructure":[[{"max":200,"unit":"kWh","rate":0.102},{"max":1000,"unit":"kWh","rate":0.0784},{"unit":"kWh","rate":0.0647}],[{"max":200,"unit":"kWh","rate":0.1148},{"max":1000,"unit":"kWh","rate":0.0977},{"unit":"kWh","rate":0.0949}]],"energyweekdayschedule":[[0,0,0,0,0,0,0,0,0,0,0,0,0,0,0,0,0,0,0,0,0,0,0,0],[0,0,0,0,0,0,0,0,0,0,0,0,0,0,0,0,0,0,0,0,0,0,0,0],[0,0,0,0,0,0,0,0,0,0,0,0,0,0,0,0,0,0,0,0,0,0,0,0],[0,0,0,0,0,0,0,0,0,0,0,0,0,0,0,0,0,0,0,0,0,0,0,0],[0,0,0,0,0,0,0,0,0,0,0,0,0,0,0,0,0,0,0,0,0,0,0,0],[1,1,1,1,1,1,1,1,1,1,1,1,1,1,1,1,1,1,1,1,1,1,1,1],[1,1,1,1,1,1,1,1,1,1,1,1,1,1,1,1,1,1,1,1,1,1,1,1],[1,1,1,1,1,1,1,1,1,1,1,1,1,1,1,1,1,1,1,1,1,1,1,1],[1,1,1,1,1,1,1,1,1,1,1,1,1,1,1,1,1,1,1,1,1,1,1,1],[0,0,0,0,0,0,0,0,0,0,0,0,0,0,0,0,0,0,0,0,0,0,0,0],[0,0,0,0,0,0,0,0,0,0,0,0,0,0,0,0,0,0,0,0,0,0,0,0],[0,0,0,0,0,0,0,0,0,0,0,0,0,0,0,0,0,0,0,0,0,0,0,0]],"energyweekendschedule":[[0,0,0,0,0,0,0,0,0,0,0,0,0,0,0,0,0,0,0,0,0,0,0,0],[0,0,0,0,0,0,0,0,0,0,0,0,0,0,0,0,0,0,0,0,0,0,0,0],[0,0,0,0,0,0,0,0,0,0,0,0,0,0,0,0,0,0,0,0,0,0,0,0],[0,0,0,0,0,0,0,0,0,0,0,0,0,0,0,0,0,0,0,0,0,0,0,0],[0,0,0,0,0,0,0,0,0,0,0,0,0,0,0,0,0,0,0,0,0,0,0,0],[1,1,1,1,1,1,1,1,1,1,1,1,1,1,1,1,1,1,1,1,1,1,1,1],[1,1,1,1,1,1,1,1,1,1,1,1,1,1,1,1,1,1,1,1,1,1,1,1],[1,1,1,1,1,1,1,1,1,1,1,1,1,1,1,1,1,1,1,1,1,1,1,1],[1,1,1,1,1,1,1,1,1,1,1,1,1,1,1,1,1,1,1,1,1,1,1,1],[0,0,0,0,0,0,0,0,0,0,0,0,0,0,0,0,0,0,0,0,0,0,0,0],[0,0,0,0,0,0,0,0,0,0,0,0,0,0,0,0,0,0,0,0,0,0,0,0],[0,0,0,0,0,0,0,0,0,0,0,0,0,0,0,0,0,0,0,0,0,0,0,0]],"phasewiring":"Single Phase","name":"SCHEDULE 1 - FARM AND RURAL RESIDENTIAL","revisions":[1339617804,1339618221,1354954849,1403272782,1406553396,1427405218],"sector":"Residential","sourceparent":"http://www.norrisppd.com/residential/rate/","source":"http://www.norrisppd.com/downloads/Schedule%201%20-%20Farm%20and%20Rural%20Residential%202013.pdf","utility":"Norris Public Power District","voltagecategory":"Secondary","fixedmonthlycharge":25}]}