{"items":[{"label":"539f700eec4f024411ecd5f7","uri":"https://openei.org/apps/USURDB/rate/view/539f700eec4f024411ecd5f7","approved":true,"demandrateunit":"kW","description":"Availability:\n\nAlternating current service for domestic use in a residence or apartment dwelling unit. Rooming houses in which more than 50% of the rooms are held for rent shall not be served under this schedule but under the General Service Rate, except when the number of such rooms for rent is four or less, a single application of this schedule shall apply. \n\nMixed TOU and Tiered Residential general use.","startdate":1320127200,"eiaid":14063,"energycomments":"Adjustments = FCA+ECR+EECR+SDR+TCR+SGR Riders","energyratestructure":[[{"rate":0.017,"adj":0.0598476,"unit":"kWh"}],[{"rate":0.185,"adj":0.081283,"unit":"kWh"}]],"energyweekdayschedule":[[0,0,0,0,0,0,0,0,0,0,0,0,0,0,0,0,0,0,0,0,0,0,0,0],[0,0,0,0,0,0,0,0,0,0,0,0,0,0,0,0,0,0,0,0,0,0,0,0],[0,0,0,0,0,0,0,0,0,0,0,0,0,0,0,0,0,0,0,0,0,0,0,0],[0,0,0,0,0,0,0,0,0,0,0,0,0,0,0,0,0,0,0,0,0,0,0,0],[0,0,0,0,0,0,0,0,0,0,0,0,0,0,0,0,0,0,0,0,0,0,0,0],[0,0,0,0,0,0,0,0,0,0,0,0,0,0,1,1,1,1,1,0,0,0,0,0],[0,0,0,0,0,0,0,0,0,0,0,0,0,0,1,1,1,1,1,0,0,0,0,0],[0,0,0,0,0,0,0,0,0,0,0,0,0,0,1,1,1,1,1,0,0,0,0,0],[0,0,0,0,0,0,0,0,0,0,0,0,0,0,1,1,1,1,1,0,0,0,0,0],[0,0,0,0,0,0,0,0,0,0,0,0,0,0,0,0,0,0,0,0,0,0,0,0],[0,0,0,0,0,0,0,0,0,0,0,0,0,0,0,0,0,0,0,0,0,0,0,0],[0,0,0,0,0,0,0,0,0,0,0,0,0,0,0,0,0,0,0,0,0,0,0,0]],"energyweekendschedule":[[0,0,0,0,0,0,0,0,0,0,0,0,0,0,0,0,0,0,0,0,0,0,0,0],[0,0,0,0,0,0,0,0,0,0,0,0,0,0,0,0,0,0,0,0,0,0,0,0],[0,0,0,0,0,0,0,0,0,0,0,0,0,0,0,0,0,0,0,0,0,0,0,0],[0,0,0,0,0,0,0,0,0,0,0,0,0,0,0,0,0,0,0,0,0,0,0,0],[0,0,0,0,0,0,0,0,0,0,0,0,0,0,0,0,0,0,0,0,0,0,0,0],[0,0,0,0,0,0,0,0,0,0,0,0,0,0,0,0,0,0,0,0,0,0,0,0],[0,0,0,0,0,0,0,0,0,0,0,0,0,0,0,0,0,0,0,0,0,0,0,0],[0,0,0,0,0,0,0,0,0,0,0,0,0,0,0,0,0,0,0,0,0,0,0,0],[0,0,0,0,0,0,0,0,0,0,0,0,0,0,0,0,0,0,0,0,0,0,0,0],[0,0,0,0,0,0,0,0,0,0,0,0,0,0,0,0,0,0,0,0,0,0,0,0],[0,0,0,0,0,0,0,0,0,0,0,0,0,0,0,0,0,0,0,0,0,0,0,0],[0,0,0,0,0,0,0,0,0,0,0,0,0,0,0,0,0,0,0,0,0,0,0,0]],"flatdemandunit":"kW","name":"Residential Service TOU (R-TOU)","revisions":[1352830748,1352831248,1354873292,1370879158,1370879584,1399414319,1399587704,1401310101,1401893952,1401894558,1427405198],"sector":"Residential","sourceparent":"http://oge.com/business-customers/billing-and-payment/Pages/RateInfo.aspx","source":"http://www.oge.com/Documents/ARK/2011%20Arkansas%20Docket%2010-067-U/R-TOU%20%206-6-2011.pdf","utility":"Oklahoma Gas & Electric Co (Arkansas)","fixedmonthlycharge":7.94}]}