{"items":[{"label":"539f6f66ec4f024411ecce15","uri":"https://openei.org/apps/USURDB/rate/view/539f6f66ec4f024411ecce15","approved":true,"demandrateunit":"kW","description":"This is a voluntary rate schedule that applies to separately metered single-family residential dwellings receiving retail energy services from the City of Palo Alto Utilities (CPAU). Service under this rate schedule will be provided in conjunction with all rates and charges shown on Rate Schedules E-1 (Residential Electric Service) or E-1-G (Residential Green Power Electric Service) if the customer has chosen participation in the Palo Alto Green program. Service under this Schedule is limited to 150 meters and will terminate on March 31, 2015. Service under this rate is provided at the sole discretion of CPAU.","startdate":1357020000,"eiaid":14401,"energycomments":"Period 5 Rates = E1 tiers + 0.0578<br />Period 4 Rates= E1 tiers<br />Period 3 Rates = E1 tiers - 0.0186<br />Period 2 Rates = E1 tiers + 0.0035<br /> Period 1 Rates = E1 tiers - 0.0129","energyratestructure":[[{"max":300,"rate":0.08234,"unit":"kWh"},{"max":600,"rate":0.1173,"unit":"kWh"},{"rate":0.16109,"unit":"kWh"}],[{"max":300,"rate":0.09874,"unit":"kWh"},{"max":600,"rate":0.1337,"unit":"kWh"},{"rate":0.17749,"unit":"kWh"}],[{"max":300,"rate":0.07664,"unit":"kWh"},{"max":600,"rate":0.1116,"unit":"kWh"},{"rate":0.15539,"unit":"kWh"}],[{"max":300,"rate":0.09524,"unit":"kWh"},{"max":600,"rate":0.1302,"unit":"kWh"},{"rate":0.17399,"unit":"kWh"}],[{"max":300,"rate":0.15304,"unit":"kWh"},{"max":600,"rate":0.188,"unit":"kWh"},{"rate":0.23179,"unit":"kWh"}]],"energyweekdayschedule":[[0,0,0,0,0,0,1,1,1,1,1,1,1,1,1,1,1,1,1,1,1,1,1,0],[0,0,0,0,0,0,1,1,1,1,1,1,1,1,1,1,1,1,1,1,1,1,1,0],[0,0,0,0,0,0,1,1,1,1,1,1,1,1,1,1,1,1,1,1,1,1,1,0],[0,0,0,0,0,0,1,1,1,1,1,1,1,1,1,1,1,1,1,1,1,1,1,0],[0,0,0,0,0,0,1,1,1,1,1,1,1,1,1,1,1,1,1,1,1,1,1,0],[2,2,2,2,2,2,3,3,3,3,3,3,4,4,4,4,4,4,3,3,3,3,3,2],[2,2,2,2,2,2,3,3,3,3,3,3,4,4,4,4,4,4,3,3,3,3,3,2],[2,2,2,2,2,2,3,3,3,3,3,3,4,4,4,4,4,4,3,3,3,3,3,2],[2,2,2,2,2,2,3,3,3,3,3,3,4,4,4,4,4,4,3,3,3,3,3,2],[0,0,0,0,0,0,1,1,1,1,1,1,1,1,1,1,1,1,1,1,1,1,1,0],[0,0,0,0,0,0,1,1,1,1,1,1,1,1,1,1,1,1,1,1,1,1,1,0],[0,0,0,0,0,0,1,1,1,1,1,1,1,1,1,1,1,1,1,1,1,1,1,0]],"energyweekendschedule":[[0,0,0,0,0,0,1,1,1,1,1,1,1,1,1,1,1,1,1,1,1,1,1,0],[0,0,0,0,0,0,1,1,1,1,1,1,1,1,1,1,1,1,1,1,1,1,1,0],[0,0,0,0,0,0,1,1,1,1,1,1,1,1,1,1,1,1,1,1,1,1,1,0],[0,0,0,0,0,0,1,1,1,1,1,1,1,1,1,1,1,1,1,1,1,1,1,0],[0,0,0,0,0,0,1,1,1,1,1,1,1,1,1,1,1,1,1,1,1,1,1,0],[2,2,2,2,2,2,3,3,3,3,3,3,3,3,3,3,3,3,3,3,3,3,3,2],[2,2,2,2,2,2,3,3,3,3,3,3,3,3,3,3,3,3,3,3,3,3,3,2],[2,2,2,2,2,2,3,3,3,3,3,3,3,3,3,3,3,3,3,3,3,3,3,2],[2,2,2,2,2,2,3,3,3,3,3,3,3,3,3,3,3,3,3,3,3,3,3,2],[0,0,0,0,0,0,1,1,1,1,1,1,1,1,1,1,1,1,1,1,1,1,1,0],[0,0,0,0,0,0,1,1,1,1,1,1,1,1,1,1,1,1,1,1,1,1,1,0],[0,0,0,0,0,0,1,1,1,1,1,1,1,1,1,1,1,1,1,1,1,1,1,0]],"flatdemandunit":"kW","name":"Schedule E1 TOU Residential Time Of Use","revisions":[1393967015,1393968198,1401910666,1401910745,1401912131,1427405204],"sector":"Residential","sourceparent":"http://www.cityofpaloalto.org/gov/depts/utl/residents/rates.asp","source":"http://www.cityofpaloalto.org/civicax/filebank/documents/32678","utility":"City of Palo Alto, California (Utility Company)"}]}