{"items":[{"label":"539f6e8dec4f024411ecc387","uri":"https://openei.org/apps/USURDB/rate/view/539f6e8dec4f024411ecc387","approved":true,"demandrateunit":"kW","description":"Additional Info:\n\n*AVAILABILITY: Single-phase service under this rate is furnished through one meter for all domestic purposes in single residences or apartments only.  Incidental commercial use (not exceeding 20% of total energy use on the same premises is permitted under this rate.)\n\n*RATE - APPLIED MONTHLY:The rate will be the sum of the Charges as identified below:\n**Customer Charge:\t\t$5.00 \n**Transmission Charge\t$.008500 per kilowatt-hour\n**Distribution Charge\t$.029004 per kilowatt-hour\t\n**Capacity Charge\t$.061406 per kilowatt-hour\n**Energy Charge:\t\t$.021710 per kilowatt-hour\n\n*MINIMUM CHARGE: The minimum bill under this rate will be equal to the Customer Charge.\n\n*PURCHASED POWER ADJUSTMENT: The Purchased Power Adjustment Charge as provided in MDPU Schedule No. 83 is applicable to all kilowatt-hours provided under this rate.\n\n*HOT WATER HEATING CHARGE: If metered separately, to ensure that the energy used does not effect the Department's peak load, all energy so consumed will be charged a discounted Distribution Rate of $.012504 per kilowatt-hour.  All other charges for Hot Water Heating will remain as above.  All equipment installed must be approved by the Department prior to the granting of this rate and remains subject to inspection under this rate.","startdate":1209621600,"eiaid":14585,"energyratestructure":[[{"rate":0.12062}]],"energyweekdayschedule":[[0,0,0,0,0,0,0,0,0,0,0,0,0,0,0,0,0,0,0,0,0,0,0,0],[0,0,0,0,0,0,0,0,0,0,0,0,0,0,0,0,0,0,0,0,0,0,0,0],[0,0,0,0,0,0,0,0,0,0,0,0,0,0,0,0,0,0,0,0,0,0,0,0],[0,0,0,0,0,0,0,0,0,0,0,0,0,0,0,0,0,0,0,0,0,0,0,0],[0,0,0,0,0,0,0,0,0,0,0,0,0,0,0,0,0,0,0,0,0,0,0,0],[0,0,0,0,0,0,0,0,0,0,0,0,0,0,0,0,0,0,0,0,0,0,0,0],[0,0,0,0,0,0,0,0,0,0,0,0,0,0,0,0,0,0,0,0,0,0,0,0],[0,0,0,0,0,0,0,0,0,0,0,0,0,0,0,0,0,0,0,0,0,0,0,0],[0,0,0,0,0,0,0,0,0,0,0,0,0,0,0,0,0,0,0,0,0,0,0,0],[0,0,0,0,0,0,0,0,0,0,0,0,0,0,0,0,0,0,0,0,0,0,0,0],[0,0,0,0,0,0,0,0,0,0,0,0,0,0,0,0,0,0,0,0,0,0,0,0],[0,0,0,0,0,0,0,0,0,0,0,0,0,0,0,0,0,0,0,0,0,0,0,0]],"energyweekendschedule":[[0,0,0,0,0,0,0,0,0,0,0,0,0,0,0,0,0,0,0,0,0,0,0,0],[0,0,0,0,0,0,0,0,0,0,0,0,0,0,0,0,0,0,0,0,0,0,0,0],[0,0,0,0,0,0,0,0,0,0,0,0,0,0,0,0,0,0,0,0,0,0,0,0],[0,0,0,0,0,0,0,0,0,0,0,0,0,0,0,0,0,0,0,0,0,0,0,0],[0,0,0,0,0,0,0,0,0,0,0,0,0,0,0,0,0,0,0,0,0,0,0,0],[0,0,0,0,0,0,0,0,0,0,0,0,0,0,0,0,0,0,0,0,0,0,0,0],[0,0,0,0,0,0,0,0,0,0,0,0,0,0,0,0,0,0,0,0,0,0,0,0],[0,0,0,0,0,0,0,0,0,0,0,0,0,0,0,0,0,0,0,0,0,0,0,0],[0,0,0,0,0,0,0,0,0,0,0,0,0,0,0,0,0,0,0,0,0,0,0,0],[0,0,0,0,0,0,0,0,0,0,0,0,0,0,0,0,0,0,0,0,0,0,0,0],[0,0,0,0,0,0,0,0,0,0,0,0,0,0,0,0,0,0,0,0,0,0,0,0],[0,0,0,0,0,0,0,0,0,0,0,0,0,0,0,0,0,0,0,0,0,0,0,0]],"name":"DOMESTIC RATE A","revisions":[1337892679,1337892737,1337892825,1340043364,1354934360,1359740665,1366047892,1427405185],"sector":"Residential","source":"http://www.townofpaxton.net/vertical/sites/%7B4877D6D1-B638-4BAD-B942-A67C40C2215D%7D/uploads/2008_Rate_A.pdf","utility":"Town of Paxton, Massachusetts (Utility Company)","fixedmonthlycharge":5}]}