{"items":[{"label":"557896595457a30e1d8ba376","uri":"https://openei.org/apps/USURDB/rate/view/557896595457a30e1d8ba376","revisions":[1433944569,1433944694],"approved":true,"utility":"The Potomac Edison Co (West Virginia)","eiaid":15263,"name":"Residential Service (R)","startdate":1424826000,"supersedes":"539fcafbec4f024d2f5400f6","sector":"Residential","description":"AVAILABLE for single phase residential use through one meter. This schedule is NOT available to Customers\r\nin the territory formerly served by Shenandoah Valley Electric Cooperative.","source":"https://www.firstenergycorp.com/content/dam/customer/Customer%20Choice/Files/west-virginia/tariffs/WVPERetailTariff.pdf","sourceparent":"https://www.firstenergycorp.com/customer_choice/west_virginia/west_virginia_tariffs.html","basicinformationcomments":"This rate will be subject to a local tax adjustment which varies with the location of the customer.","phasewiring":"Single Phase","flatdemandunit":"kW","demandrateunit":"kW","energyratestructure":[[{"unit":"kWh","rate":0.08747,"adj":0.00802,"sell":0.08747}]],"energyweekdayschedule":[[0,0,0,0,0,0,0,0,0,0,0,0,0,0,0,0,0,0,0,0,0,0,0,0],[0,0,0,0,0,0,0,0,0,0,0,0,0,0,0,0,0,0,0,0,0,0,0,0],[0,0,0,0,0,0,0,0,0,0,0,0,0,0,0,0,0,0,0,0,0,0,0,0],[0,0,0,0,0,0,0,0,0,0,0,0,0,0,0,0,0,0,0,0,0,0,0,0],[0,0,0,0,0,0,0,0,0,0,0,0,0,0,0,0,0,0,0,0,0,0,0,0],[0,0,0,0,0,0,0,0,0,0,0,0,0,0,0,0,0,0,0,0,0,0,0,0],[0,0,0,0,0,0,0,0,0,0,0,0,0,0,0,0,0,0,0,0,0,0,0,0],[0,0,0,0,0,0,0,0,0,0,0,0,0,0,0,0,0,0,0,0,0,0,0,0],[0,0,0,0,0,0,0,0,0,0,0,0,0,0,0,0,0,0,0,0,0,0,0,0],[0,0,0,0,0,0,0,0,0,0,0,0,0,0,0,0,0,0,0,0,0,0,0,0],[0,0,0,0,0,0,0,0,0,0,0,0,0,0,0,0,0,0,0,0,0,0,0,0],[0,0,0,0,0,0,0,0,0,0,0,0,0,0,0,0,0,0,0,0,0,0,0,0]],"energyweekendschedule":[[0,0,0,0,0,0,0,0,0,0,0,0,0,0,0,0,0,0,0,0,0,0,0,0],[0,0,0,0,0,0,0,0,0,0,0,0,0,0,0,0,0,0,0,0,0,0,0,0],[0,0,0,0,0,0,0,0,0,0,0,0,0,0,0,0,0,0,0,0,0,0,0,0],[0,0,0,0,0,0,0,0,0,0,0,0,0,0,0,0,0,0,0,0,0,0,0,0],[0,0,0,0,0,0,0,0,0,0,0,0,0,0,0,0,0,0,0,0,0,0,0,0],[0,0,0,0,0,0,0,0,0,0,0,0,0,0,0,0,0,0,0,0,0,0,0,0],[0,0,0,0,0,0,0,0,0,0,0,0,0,0,0,0,0,0,0,0,0,0,0,0],[0,0,0,0,0,0,0,0,0,0,0,0,0,0,0,0,0,0,0,0,0,0,0,0],[0,0,0,0,0,0,0,0,0,0,0,0,0,0,0,0,0,0,0,0,0,0,0,0],[0,0,0,0,0,0,0,0,0,0,0,0,0,0,0,0,0,0,0,0,0,0,0,0],[0,0,0,0,0,0,0,0,0,0,0,0,0,0,0,0,0,0,0,0,0,0,0,0],[0,0,0,0,0,0,0,0,0,0,0,0,0,0,0,0,0,0,0,0,0,0,0,0]],"energycomments":"Adjustments = ECC Normalization Surcharge + ECC + ECC-2 + EEC + Veg. Management Riders","usenetmetering":true,"fixedmonthlycharge":5}]}