{"items":[{"label":"539f70d4ec4f024411ecdea7","uri":"https://openei.org/apps/USURDB/rate/view/539f70d4ec4f024411ecdea7","approved":true,"demandrateunit":"kW","description":"Available to qualifying senior citizen residential customers (see Senior Citizen Discount) in Southern View in single-dwelling units with single phase service taken through a single meter for domestic use, where an energy source other than electricity is used as the primary source for home heating. The customer is responsible for a minimum bill equal to the customer charge. The Senior Citizen Discount for regular residential electric customers in Southern View is equal to a 10% discount off the Winter and Summer Electric Rates charged under Rate 31. The discount is itemized and appears as a credit on the customer's monthly bill.\r\n\r\n* Higher summer rates are effective from May 15 to September 14, with winter rates in effect from September 15 to May 14.","startdate":1362099600,"eiaid":17828,"energyratestructure":[[{"unit":"kWh","rate":0.09072}],[{"unit":"kWh","rate":0.10458}]],"energyweekdayschedule":[[0,0,0,0,0,0,0,0,0,0,0,0,0,0,0,0,0,0,0,0,0,0,0,0],[0,0,0,0,0,0,0,0,0,0,0,0,0,0,0,0,0,0,0,0,0,0,0,0],[0,0,0,0,0,0,0,0,0,0,0,0,0,0,0,0,0,0,0,0,0,0,0,0],[0,0,0,0,0,0,0,0,0,0,0,0,0,0,0,0,0,0,0,0,0,0,0,0],[1,1,1,1,1,1,1,1,1,1,1,1,1,1,1,1,1,1,1,1,1,1,1,1],[1,1,1,1,1,1,1,1,1,1,1,1,1,1,1,1,1,1,1,1,1,1,1,1],[1,1,1,1,1,1,1,1,1,1,1,1,1,1,1,1,1,1,1,1,1,1,1,1],[1,1,1,1,1,1,1,1,1,1,1,1,1,1,1,1,1,1,1,1,1,1,1,1],[0,0,0,0,0,0,0,0,0,0,0,0,0,0,0,0,0,0,0,0,0,0,0,0],[0,0,0,0,0,0,0,0,0,0,0,0,0,0,0,0,0,0,0,0,0,0,0,0],[0,0,0,0,0,0,0,0,0,0,0,0,0,0,0,0,0,0,0,0,0,0,0,0],[0,0,0,0,0,0,0,0,0,0,0,0,0,0,0,0,0,0,0,0,0,0,0,0]],"energyweekendschedule":[[0,0,0,0,0,0,0,0,0,0,0,0,0,0,0,0,0,0,0,0,0,0,0,0],[0,0,0,0,0,0,0,0,0,0,0,0,0,0,0,0,0,0,0,0,0,0,0,0],[0,0,0,0,0,0,0,0,0,0,0,0,0,0,0,0,0,0,0,0,0,0,0,0],[0,0,0,0,0,0,0,0,0,0,0,0,0,0,0,0,0,0,0,0,0,0,0,0],[1,1,1,1,1,1,1,1,1,1,1,1,1,1,1,1,1,1,1,1,1,1,1,1],[1,1,1,1,1,1,1,1,1,1,1,1,1,1,1,1,1,1,1,1,1,1,1,1],[1,1,1,1,1,1,1,1,1,1,1,1,1,1,1,1,1,1,1,1,1,1,1,1],[1,1,1,1,1,1,1,1,1,1,1,1,1,1,1,1,1,1,1,1,1,1,1,1],[0,0,0,0,0,0,0,0,0,0,0,0,0,0,0,0,0,0,0,0,0,0,0,0],[0,0,0,0,0,0,0,0,0,0,0,0,0,0,0,0,0,0,0,0,0,0,0,0],[0,0,0,0,0,0,0,0,0,0,0,0,0,0,0,0,0,0,0,0,0,0,0,0],[0,0,0,0,0,0,0,0,0,0,0,0,0,0,0,0,0,0,0,0,0,0,0,0]],"flatdemandunit":"kW","name":"Regular Residential- Southern View Senior Citizen (Rate 32)","revisions":[1328718892,1328719033,1354911695,1362411831,1362411864,1362411934,1362412059,1362754849,1365446678,1365446756,1399989379,1408453200,1427405217],"sector":"Residential","source":"http://www.cwlp.com/customer/rates/elecres.html","utility":"City of Springfield, Illinois (Utility Company)","fixedmonthlycharge":5.274}]}