{"items":[{"label":"539f6e9eec4f024411ecc4d5","uri":"https://openei.org/apps/USURDB/rate/view/539f6e9eec4f024411ecc4d5","approved":true,"description":"This rate schedule is optional to all Rg-1, Residential Service customers. Customers that wish to be served on this rate schedule must apply to the utility for service. Once an optional customer begins service on this rate schedule, the customer shall remain on the rate for a minimum of one year. Any customer choosing to be served on this rate schedule waives all rights to billing adjustments arising from a claim that the bill for service would be less on another rate schedule than under this rate schedule.\r\n\r\n\r\nThe following Riders, Adjustments, and Billing Options are applicable to this rate:\r\n*Power Cost Adjustment Clause: Charge per all kWh varies monthly\r\n*Renewable Energy Rider\r\n*Commitment to Community Program Rider has set the following fee: 3% of the total electric bill not to exceed $1.10.\r\n*Parallel Generation (20kW or less)- Net Energy Billing\r\n*Customer-Owned Generation Systems (Greater than 20 kW) Billing\r\n*Solar Renewable Energy Distributed Generation Billing","startdate":1293843600,"eiaid":19324,"energyratestructure":[[{"unit":"kWh","rate":0.0525}],[{"unit":"kWh","rate":0.1775}]],"energyweekdayschedule":[[0,0,0,0,0,0,0,1,1,1,1,1,1,1,1,1,1,1,1,0,0,0,0,0],[0,0,0,0,0,0,0,1,1,1,1,1,1,1,1,1,1,1,1,0,0,0,0,0],[0,0,0,0,0,0,0,1,1,1,1,1,1,1,1,1,1,1,1,0,0,0,0,0],[0,0,0,0,0,0,0,1,1,1,1,1,1,1,1,1,1,1,1,0,0,0,0,0],[0,0,0,0,0,0,0,1,1,1,1,1,1,1,1,1,1,1,1,0,0,0,0,0],[0,0,0,0,0,0,0,1,1,1,1,1,1,1,1,1,1,1,1,0,0,0,0,0],[0,0,0,0,0,0,0,1,1,1,1,1,1,1,1,1,1,1,1,0,0,0,0,0],[0,0,0,0,0,0,0,1,1,1,1,1,1,1,1,1,1,1,1,0,0,0,0,0],[0,0,0,0,0,0,0,1,1,1,1,1,1,1,1,1,1,1,1,0,0,0,0,0],[0,0,0,0,0,0,0,1,1,1,1,1,1,1,1,1,1,1,1,0,0,0,0,0],[0,0,0,0,0,0,0,1,1,1,1,1,1,1,1,1,1,1,1,0,0,0,0,0],[0,0,0,0,0,0,0,1,1,1,1,1,1,1,1,1,1,1,1,0,0,0,0,0]],"energyweekendschedule":[[0,0,0,0,0,0,0,0,0,0,0,0,0,0,0,0,0,0,0,0,0,0,0,0],[0,0,0,0,0,0,0,0,0,0,0,0,0,0,0,0,0,0,0,0,0,0,0,0],[0,0,0,0,0,0,0,0,0,0,0,0,0,0,0,0,0,0,0,0,0,0,0,0],[0,0,0,0,0,0,0,0,0,0,0,0,0,0,0,0,0,0,0,0,0,0,0,0],[0,0,0,0,0,0,0,0,0,0,0,0,0,0,0,0,0,0,0,0,0,0,0,0],[0,0,0,0,0,0,0,0,0,0,0,0,0,0,0,0,0,0,0,0,0,0,0,0],[0,0,0,0,0,0,0,0,0,0,0,0,0,0,0,0,0,0,0,0,0,0,0,0],[0,0,0,0,0,0,0,0,0,0,0,0,0,0,0,0,0,0,0,0,0,0,0,0],[0,0,0,0,0,0,0,0,0,0,0,0,0,0,0,0,0,0,0,0,0,0,0,0],[0,0,0,0,0,0,0,0,0,0,0,0,0,0,0,0,0,0,0,0,0,0,0,0],[0,0,0,0,0,0,0,0,0,0,0,0,0,0,0,0,0,0,0,0,0,0,0,0],[0,0,0,0,0,0,0,0,0,0,0,0,0,0,0,0,0,0,0,0,0,0,0,0]],"phasewiring":"3-Phase","name":"Residential Time-of-Day Three-Phase Service","revisions":[1343939747,1343939785,1354880313,1366057872,1406123859,1427405190],"sector":"Residential","source":"http://psc.wi.gov/apps40/tariffs/viewfile.aspx?type=electric&id=5990","utility":"Two Rivers Water & Light","usenetmetering":true,"fixedmonthlycharge":13}]}