{"items":[{"label":"539fbd03ec4f024c27d876ab","uri":"https://openei.org/apps/USURDB/rate/view/53bb0802ec4f02204b232c99","approved":true,"demandrateunit":"kW","description":"This tariff is available only to permanent residences occupied on a full time basis subject to the established rules and regulations of the Cooperative. Residential - Low Usage customers should not exceed 600 kWh of energy consumption during any one of the billing months of June through September. If the metered consumption exceeds 600 kWh during any of those months, the cooperative shall review with the customer their billing history to determine if a better rate exists for that customer's usage quantity.\r\n  \r\n  \r\nMINIMUM CHARGE:\r\nThe minimum monthly charge shall be the Customer Charge plus $10.00 per month.","startdate":1377993600,"eiaid":10170,"energycomments":"Period 1:Summer, Period 2:Winter, Period 3:Shoulder","energyratestructure":[[{"max":600,"unit":"kWh","rate":0.0977},{"unit":"kWh","rate":0.15}],[{"max":1000,"unit":"kWh","rate":0.0792},{"unit":"kWh","rate":0.0618}],[{"max":1000,"unit":"kWh","rate":0.0807},{"unit":"kWh","rate":0.0654}]],"energyweekdayschedule":[[1,1,1,1,1,1,1,1,1,1,1,1,1,1,1,1,1,1,1,1,1,1,1,1],[1,1,1,1,1,1,1,1,1,1,1,1,1,1,1,1,1,1,1,1,1,1,1,1],[2,2,2,2,2,2,2,2,2,2,2,2,2,2,2,2,2,2,2,2,2,2,2,2],[2,2,2,2,2,2,2,2,2,2,2,2,2,2,2,2,2,2,2,2,2,2,2,2],[2,2,2,2,2,2,2,2,2,2,2,2,2,2,2,2,2,2,2,2,2,2,2,2],[0,0,0,0,0,0,0,0,0,0,0,0,0,0,0,0,0,0,0,0,0,0,0,0],[0,0,0,0,0,0,0,0,0,0,0,0,0,0,0,0,0,0,0,0,0,0,0,0],[0,0,0,0,0,0,0,0,0,0,0,0,0,0,0,0,0,0,0,0,0,0,0,0],[0,0,0,0,0,0,0,0,0,0,0,0,0,0,0,0,0,0,0,0,0,0,0,0],[2,2,2,2,2,2,2,2,2,2,2,2,2,2,2,2,2,2,2,2,2,2,2,2],[2,2,2,2,2,2,2,2,2,2,2,2,2,2,2,2,2,2,2,2,2,2,2,2],[1,1,1,1,1,1,1,1,1,1,1,1,1,1,1,1,1,1,1,1,1,1,1,1]],"energyweekendschedule":[[1,1,1,1,1,1,1,1,1,1,1,1,1,1,1,1,1,1,1,1,1,1,1,1],[1,1,1,1,1,1,1,1,1,1,1,1,1,1,1,1,1,1,1,1,1,1,1,1],[2,2,2,2,2,2,2,2,2,2,2,2,2,2,2,2,2,2,2,2,2,2,2,2],[2,2,2,2,2,2,2,2,2,2,2,2,2,2,2,2,2,2,2,2,2,2,2,2],[2,2,2,2,2,2,2,2,2,2,2,2,2,2,2,2,2,2,2,2,2,2,2,2],[0,0,0,0,0,0,0,0,0,0,0,0,0,0,0,0,0,0,0,0,0,0,0,0],[0,0,0,0,0,0,0,0,0,0,0,0,0,0,0,0,0,0,0,0,0,0,0,0],[0,0,0,0,0,0,0,0,0,0,0,0,0,0,0,0,0,0,0,0,0,0,0,0],[0,0,0,0,0,0,0,0,0,0,0,0,0,0,0,0,0,0,0,0,0,0,0,0],[2,2,2,2,2,2,2,2,2,2,2,2,2,2,2,2,2,2,2,2,2,2,2,2],[2,2,2,2,2,2,2,2,2,2,2,2,2,2,2,2,2,2,2,2,2,2,2,2],[1,1,1,1,1,1,1,1,1,1,1,1,1,1,1,1,1,1,1,1,1,1,1,1]],"flatdemandunit":"kW","phasewiring":"Single Phase","name":"Residential Service-Low Usage","revisions":[1401741036,1401741174,1406705607,1427405210],"sector":"Residential","sourceparent":"http://kiamichielectric.coopwebbuilder.com/content/rate-schedule","source":"http://kiamichielectric.coopwebbuilder.com/sites/kiamichielectric.coopwebbuilder.com/files/rslurate.pdf","supersedes":"53bb0802ec4f02204b232c99","utility":"Kiamichi Electric Coop, Inc","voltagecategory":"Secondary","fixedmonthlycharge":17.5}]}