{"items":[{"label":"539f71a3ec4f024411ece83d","uri":"https://openei.org/apps/USURDB/rate/view/539f71a3ec4f024411ece83d","approved":true,"peakkwcapacitymax":50,"demandrateunit":"kW","startdate":1316649600,"eiaid":10378,"energyratestructure":[[{"unit":"kWh","rate":0.15645}],[{"unit":"kWh","rate":0.05588}]],"energyweekdayschedule":[[1,1,1,1,1,1,0,0,0,0,0,0,0,1,1,1,0,0,0,0,0,1,1,1],[1,1,1,1,1,1,0,0,0,0,0,0,0,1,1,1,0,0,0,0,0,1,1,1],[1,1,1,1,1,1,0,0,0,0,0,0,0,1,1,1,0,0,0,0,0,1,1,1],[1,1,1,1,1,1,0,0,0,0,0,0,0,1,1,1,0,0,0,0,0,1,1,1],[1,1,1,1,1,1,0,0,0,0,0,0,0,1,1,1,0,0,0,0,0,1,1,1],[1,1,1,1,1,1,0,0,0,0,0,0,0,1,1,1,0,0,0,0,0,1,1,1],[1,1,1,1,1,1,0,0,0,0,0,0,0,1,1,1,0,0,0,0,0,1,1,1],[1,1,1,1,1,1,0,0,0,0,0,0,0,1,1,1,0,0,0,0,0,1,1,1],[1,1,1,1,1,1,0,0,0,0,0,0,0,1,1,1,0,0,0,0,0,1,1,1],[1,1,1,1,1,1,0,0,0,0,0,0,0,1,1,1,0,0,0,0,0,1,1,1],[1,1,1,1,1,1,0,0,0,0,0,0,0,1,1,1,0,0,0,0,0,1,1,1],[1,1,1,1,1,1,0,0,0,0,0,0,0,1,1,1,0,0,0,0,0,1,1,1]],"energyweekendschedule":[[1,1,1,1,1,1,0,0,0,0,0,0,0,1,1,1,0,0,0,0,0,1,1,1],[1,1,1,1,1,1,0,0,0,0,0,0,0,1,1,1,0,0,0,0,0,1,1,1],[1,1,1,1,1,1,0,0,0,0,0,0,0,1,1,1,0,0,0,0,0,1,1,1],[1,1,1,1,1,1,0,0,0,0,0,0,0,1,1,1,0,0,0,0,0,1,1,1],[1,1,1,1,1,1,0,0,0,0,0,0,0,1,1,1,0,0,0,0,0,1,1,1],[1,1,1,1,1,1,0,0,0,0,0,0,0,1,1,1,0,0,0,0,0,1,1,1],[1,1,1,1,1,1,0,0,0,0,0,0,0,1,1,1,0,0,0,0,0,1,1,1],[1,1,1,1,1,1,0,0,0,0,0,0,0,1,1,1,0,0,0,0,0,1,1,1],[1,1,1,1,1,1,0,0,0,0,0,0,0,1,1,1,0,0,0,0,0,1,1,1],[1,1,1,1,1,1,0,0,0,0,0,0,0,1,1,1,0,0,0,0,0,1,1,1],[1,1,1,1,1,1,0,0,0,0,0,0,0,1,1,1,0,0,0,0,0,1,1,1],[1,1,1,1,1,1,0,0,0,0,0,0,0,1,1,1,0,0,0,0,0,1,1,1]],"phasewiring":"Single Phase","name":"Optional Time-Of-Use Residential Service","revisions":[1369940217,1369940498,1373308574,1405689565,1427405207],"sector":"Residential","sourceparent":"http://www.kitcarson.com/content/kcec-rates-september-22-2011","source":"http://kitcarson.coopwebbuilder.com/sites/kitcarson.coopwebbuilder.com/files/rate17-9-22-11_doc.pdf","utility":"Kit Carson Electric Coop, Inc","voltagecategory":"Secondary","fixedmonthlycharge":16.5}]}