{"items":[{"label":"55ca45875457a3f60455f066","uri":"https://openei.org/apps/USURDB/rate/view/55ca45875457a3f60455f066","revisions":[1439297831,1439297892],"approved":true,"utility":"Town of Knightstown, Indiana (Utility Company)","eiaid":10407,"name":"RS Electric Residential Service","startdate":1438387200,"supersedes":"539fc4dcec4f024c27d8cb8b","sector":"Residential","description":"Available for single phase residential service, including residential lighting, residential space heating, household appliance, refrigeration and cooking appliances, water heating, and small motors not exceeding 3 hp individual capacity.","source":"http://www.in.gov/iurc/files/3221.pdf","sourceparent":"http://www.in.gov/iurc/2584.htm?cof=FORID%3A10&ie=UTF-8&num=10&numgm=&site=IURC&client=IURC&proxystylesheet=default_agency&proxyreload=1&getfields=State%2BAgency.IN%25252Egov%2BCategory&output=xml_no_dtd&entqr=1&sa=Search&q=knightstown%2Brate&cx=IURC","basicinformationcomments":"adjustment - ECA Tracking Factor - changes quarterly","flatdemandunit":"kW","demandrateunit":"kW","energyratestructure":[[{"max":30,"unit":"kWh","rate":0,"adj":0.010246},{"max":200,"unit":"kWh","rate":0.1137,"adj":0.010246},{"max":1000,"unit":"kWh","rate":0.0985,"adj":0.010246},{"unit":"kWh","rate":0.0894,"adj":0.010246}]],"energyweekdayschedule":[[0,0,0,0,0,0,0,0,0,0,0,0,0,0,0,0,0,0,0,0,0,0,0,0],[0,0,0,0,0,0,0,0,0,0,0,0,0,0,0,0,0,0,0,0,0,0,0,0],[0,0,0,0,0,0,0,0,0,0,0,0,0,0,0,0,0,0,0,0,0,0,0,0],[0,0,0,0,0,0,0,0,0,0,0,0,0,0,0,0,0,0,0,0,0,0,0,0],[0,0,0,0,0,0,0,0,0,0,0,0,0,0,0,0,0,0,0,0,0,0,0,0],[0,0,0,0,0,0,0,0,0,0,0,0,0,0,0,0,0,0,0,0,0,0,0,0],[0,0,0,0,0,0,0,0,0,0,0,0,0,0,0,0,0,0,0,0,0,0,0,0],[0,0,0,0,0,0,0,0,0,0,0,0,0,0,0,0,0,0,0,0,0,0,0,0],[0,0,0,0,0,0,0,0,0,0,0,0,0,0,0,0,0,0,0,0,0,0,0,0],[0,0,0,0,0,0,0,0,0,0,0,0,0,0,0,0,0,0,0,0,0,0,0,0],[0,0,0,0,0,0,0,0,0,0,0,0,0,0,0,0,0,0,0,0,0,0,0,0],[0,0,0,0,0,0,0,0,0,0,0,0,0,0,0,0,0,0,0,0,0,0,0,0]],"energyweekendschedule":[[0,0,0,0,0,0,0,0,0,0,0,0,0,0,0,0,0,0,0,0,0,0,0,0],[0,0,0,0,0,0,0,0,0,0,0,0,0,0,0,0,0,0,0,0,0,0,0,0],[0,0,0,0,0,0,0,0,0,0,0,0,0,0,0,0,0,0,0,0,0,0,0,0],[0,0,0,0,0,0,0,0,0,0,0,0,0,0,0,0,0,0,0,0,0,0,0,0],[0,0,0,0,0,0,0,0,0,0,0,0,0,0,0,0,0,0,0,0,0,0,0,0],[0,0,0,0,0,0,0,0,0,0,0,0,0,0,0,0,0,0,0,0,0,0,0,0],[0,0,0,0,0,0,0,0,0,0,0,0,0,0,0,0,0,0,0,0,0,0,0,0],[0,0,0,0,0,0,0,0,0,0,0,0,0,0,0,0,0,0,0,0,0,0,0,0],[0,0,0,0,0,0,0,0,0,0,0,0,0,0,0,0,0,0,0,0,0,0,0,0],[0,0,0,0,0,0,0,0,0,0,0,0,0,0,0,0,0,0,0,0,0,0,0,0],[0,0,0,0,0,0,0,0,0,0,0,0,0,0,0,0,0,0,0,0,0,0,0,0],[0,0,0,0,0,0,0,0,0,0,0,0,0,0,0,0,0,0,0,0,0,0,0,0]],"fixedmonthlycharge":5.24}]}