{"items":[{"label":"5761ad905457a37d45ba0c12","uri":"https://openei.org/apps/USURDB/rate/view/5761ad905457a37d45ba0c12","revisions":[1465997616,1465998256,1465998278,1467718744],"approved":false,"utility":"Long Island Power Authority","eiaid":11171,"name":"188 (Residential Service Time-Of-Use)","startdate":1464739200,"supersedes":"539f7539ec4f024411ed1173","sector":"Residential","description":"Qualifying Applicants who will use the service for residential purposes or as specified in Section 76 of the Public Service Law, for religious purposes, a Community Residence, or a post or hall owned or leased by a not-for-profit corporation that is a Veterans'\r\nOrganization as an alternative to Service Classification No. 1, but who do not qualify for Service Classification No. 1-VMRP(L)","source":"http://www.lipower.org/pdfs/company/tariff/lipatariff.pdf","voltageminimum":120,"voltagemaximum":240,"voltagecategory":"Secondary","phasewiring":"Single and 3-Phase","demandrateunit":"kW","energyratestructure":[[{"unit":"kWh","rate":0.0655,"adj":0.089981}],[{"unit":"kWh","rate":511,"adj":0.113481}],[{"unit":"kWh","rate":0.2851,"adj":0.089981}],[{"unit":"kWh","rate":0.0971,"adj":0.122981}]],"energyweekdayschedule":[[1,1,1,1,1,1,1,1,1,1,3,3,3,3,3,3,3,3,3,3,1,1,1,1],[1,1,1,1,1,1,1,1,1,1,3,3,3,3,3,3,3,3,3,3,1,1,1,1],[1,1,1,1,1,1,1,1,1,1,3,3,3,3,3,3,3,3,3,3,1,1,1,1],[1,1,1,1,1,1,1,1,1,1,3,3,3,3,3,3,3,3,3,3,1,1,1,1],[1,1,1,1,1,1,1,1,1,1,3,3,3,3,3,3,3,3,3,3,1,1,1,1],[0,0,0,0,0,0,0,0,0,0,2,2,2,2,2,2,2,2,2,2,0,0,0,0],[0,0,0,0,0,0,0,0,0,0,2,2,2,2,2,2,2,2,2,2,0,0,0,0],[0,0,0,0,0,0,0,0,0,0,2,2,2,2,2,2,2,2,2,2,0,0,0,0],[0,0,0,0,0,0,0,0,0,0,2,2,2,2,2,2,2,2,2,2,0,0,0,0],[1,1,1,1,1,1,1,1,1,1,3,3,3,3,3,3,3,3,3,3,1,1,1,1],[1,1,1,1,1,1,1,1,1,1,3,3,3,3,3,3,3,3,3,3,1,1,1,1],[1,1,1,1,1,1,1,1,1,1,3,3,3,3,3,3,3,3,3,3,1,1,1,1]],"energyweekendschedule":[[1,1,1,1,1,1,1,1,1,1,1,1,1,1,1,1,1,1,1,1,1,1,1,1],[1,1,1,1,1,1,1,1,1,1,1,1,1,1,1,1,1,1,1,1,1,1,1,1],[1,1,1,1,1,1,1,1,1,1,1,1,1,1,1,1,1,1,1,1,1,1,1,1],[1,1,1,1,1,1,1,1,1,1,1,1,1,1,1,1,1,1,1,1,1,1,1,1],[1,1,1,1,1,1,1,1,1,1,1,1,1,1,1,1,1,1,1,1,1,1,1,1],[0,0,0,0,0,0,0,0,0,0,0,0,0,0,0,0,0,0,0,0,0,0,0,0],[0,0,0,0,0,0,0,0,0,0,0,0,0,0,0,0,0,0,0,0,0,0,0,0],[0,0,0,0,0,0,0,0,0,0,0,0,0,0,0,0,0,0,0,0,0,0,0,0],[0,0,0,0,0,0,0,0,0,0,0,0,0,0,0,0,0,0,0,0,0,0,0,0],[1,1,1,1,1,1,1,1,1,1,1,1,1,1,1,1,1,1,1,1,1,1,1,1],[1,1,1,1,1,1,1,1,1,1,1,1,1,1,1,1,1,1,1,1,1,1,1,1],[1,1,1,1,1,1,1,1,1,1,1,1,1,1,1,1,1,1,1,1,1,1,1,1]],"energycomments":"Adjustments = sum(Energy Price, Market Energy Prices, Fuel and Purchased Power Cost Adjustment, Distributed Energy Resources Cost Recovery Rate, Visual Benefits Assessment, Securitization Offset Charge, Delivery Service Adjustment, Revenue Decoupling Mechanism, \r\nNew York State Assessment Factor, Energy Markey Prices)","fixedattrs":[{"Daily Charge":"$0.46"}]}]}