{"items":[{"label":"587e3e345457a3973d316ce6","uri":"https://openei.org/apps/USURDB/rate/view/587e3e345457a3973d316ce6","revisions":[1484643268,1484643426],"approved":true,"utility":"Los Angeles Department of Water & Power","eiaid":11208,"name":"Residential Time of Use (R-1)(B)","startdate":1483228800,"supersedes":"572132f85457a39651b3387c","sector":"Residential","description":"Applicable to service to single-family, single-family with guest house, individually metered accommodations, as well as to separately metered common areas of condominiums and cooperatives devoted primarily to residential uses and whose energy and capacity requirements do not exceed those for Small General Service Schedule A-1. Battery chargers, motors and appliances, which conform in capacities to applicable electrical codes, and meet requirements of the Department's Rules, may be served under this schedule. Not applicable to single-family residential customers with an on-site transformer dedicated solely to that individual customer.\r\n\r\nAlso applicable to IRCA, VEA, CRPSEA, VRPSEA","source":"https://www.ladwp.com/ladwp/faces/ladwp/aboutus/a-financesandreports/a-fr-electricrates/a-fr-er-electricrateschedules?_afrLoop=83288704179927&_afrWindowMode=0&_afrWindowId=bfdj1ei89_1#%40%3F_afrWindowId%3Dbfdj1ei89_1%26_afrLoop%3D83288704179927%26_afrWindowMode%3D0%26_adf.ctrl-state%3D85egwgxlb_4\r\n\r\nhttps://www.ladwp.com/ladwp/faces/wcnav_externalId/a-fr-enrgcost-adjestfact?_adf.ctrl-state=18u2iymv4s_4&_afrLoop=46720264368719&_afrWindowMode=0&_afrWindowId=ne2bp3q9z_1#%40%3F_afrWindowId%3Dne2bp3q9z_1%26_afrLoop%3D46720264368719%26_afrWindowMode%3D0%26_adf.ctrl-state%3Dne2bp3q9z_25","sourceparent":"https://www.ladwp.com/","flatdemandunit":"kW","demandrateunit":"kW","energyratestructure":[[{"unit":"kWh","rate":0.14133,"adj":0.07395}],[{"unit":"kWh","rate":0.14562,"adj":0.07395}],[{"unit":"kWh","rate":0.14562,"adj":0.07395}]],"energyweekdayschedule":[[0,0,0,0,0,0,0,0,0,0,1,1,1,2,2,2,2,1,1,1,0,0,0,0],[0,0,0,0,0,0,0,0,0,0,1,1,1,2,2,2,2,1,1,1,0,0,0,0],[0,0,0,0,0,0,0,0,0,0,1,1,1,2,2,2,2,1,1,1,0,0,0,0],[0,0,0,0,0,0,0,0,0,0,1,1,1,2,2,2,2,1,1,1,0,0,0,0],[0,0,0,0,0,0,0,0,0,0,1,1,1,2,2,2,2,1,1,1,0,0,0,0],[0,0,0,0,0,0,0,0,0,0,1,1,1,2,2,2,2,1,1,1,0,0,0,0],[0,0,0,0,0,0,0,0,0,0,1,1,1,2,2,2,2,1,1,1,0,0,0,0],[0,0,0,0,0,0,0,0,0,0,1,1,1,2,2,2,2,1,1,1,0,0,0,0],[0,0,0,0,0,0,0,0,0,0,1,1,1,2,2,2,2,1,1,1,0,0,0,0],[0,0,0,0,0,0,0,0,0,0,1,1,1,2,2,2,2,1,1,1,0,0,0,0],[0,0,0,0,0,0,0,0,0,0,1,1,1,2,2,2,2,1,1,1,0,0,0,0],[0,0,0,0,0,0,0,0,0,0,1,1,1,2,2,2,2,1,1,1,0,0,0,0]],"energyweekendschedule":[[0,0,0,0,0,0,0,0,0,0,0,0,0,0,0,0,0,0,0,0,0,0,0,0],[0,0,0,0,0,0,0,0,0,0,0,0,0,0,0,0,0,0,0,0,0,0,0,0],[0,0,0,0,0,0,0,0,0,0,0,0,0,0,0,0,0,0,0,0,0,0,0,0],[0,0,0,0,0,0,0,0,0,0,0,0,0,0,0,0,0,0,0,0,0,0,0,0],[0,0,0,0,0,0,0,0,0,0,0,0,0,0,0,0,0,0,0,0,0,0,0,0],[0,0,0,0,0,0,0,0,0,0,0,0,0,0,0,0,0,0,0,0,0,0,0,0],[0,0,0,0,0,0,0,0,0,0,0,0,0,0,0,0,0,0,0,0,0,0,0,0],[0,0,0,0,0,0,0,0,0,0,0,0,0,0,0,0,0,0,0,0,0,0,0,0],[0,0,0,0,0,0,0,0,0,0,0,0,0,0,0,0,0,0,0,0,0,0,0,0],[0,0,0,0,0,0,0,0,0,0,0,0,0,0,0,0,0,0,0,0,0,0,0,0],[0,0,0,0,0,0,0,0,0,0,0,0,0,0,0,0,0,0,0,0,0,0,0,0],[0,0,0,0,0,0,0,0,0,0,0,0,0,0,0,0,0,0,0,0,0,0,0,0]],"energycomments":"Adjustments = Energy Cost adjustment + Energy Subsidy adjustment + Reliability Cost adjustment + Incremental Reliability Cost adjustment + Variable Energy adjustment + Capped Renewable Portfolio Standard Energy adjustment + Variable Renewable Portfolio Standard Energy adjustment","fixedmonthlycharge":10}]}