{"items":[{"label":"587e3b795457a33352316ce6","uri":"https://openei.org/apps/USURDB/rate/view/587e3b795457a33352316ce6","revisions":[1484642569,1484643161],"approved":true,"utility":"Los Angeles Department of Water & Power","eiaid":11208,"name":"Residential Service (R1): Zone 1","startdate":1483228800,"supersedes":"573a3b5c5457a37859f19c7a","sector":"Residential","source":"https://www.ladwp.com/ladwp/faces/ladwp/aboutus/a-financesandreports/a-fr-electricrates/a-fr-er-electricrateschedules?_adf.ctrl-state=o2onhpw9t_495&_afrLoop=16604195568848\r\n\r\n\r\nhttps://www.ladwp.com/ladwp/faces/ladwp/aboutus/a-financesandreports/a-fr-electricrates/a-fr-er-energysubsidyadjustmentfactor?_afrWindowId=o2onhpw9t_285&_afrLoop=16071960624466&_afrWindowMode=0&_adf.ctrl-state=o2onhpw9t_249\r\n\r\nhttps://www.ladwp.com/ladwp/faces/wcnav_externalId/a-fr-elecrate-schel?_afrWindowId=hqsukzmkg_1&_afrLoop=315856875840768&_afrWindowMode=0&_adf.ctrl-state=hqsukzmkg_4","sourceparent":"https://www.ladwp.com","flatdemandunit":"kW","demandrateunit":"kW","energyratestructure":[[{"max":350,"unit":"kWh","rate":0.14872,"adj":0.07395},{"max":1050,"unit":"kWh","rate":0.18401,"adj":0.07395},{"unit":"kWh","rate":0.18401,"adj":0.07395}]],"energyweekdayschedule":[[0,0,0,0,0,0,0,0,0,0,0,0,0,0,0,0,0,0,0,0,0,0,0,0],[0,0,0,0,0,0,0,0,0,0,0,0,0,0,0,0,0,0,0,0,0,0,0,0],[0,0,0,0,0,0,0,0,0,0,0,0,0,0,0,0,0,0,0,0,0,0,0,0],[0,0,0,0,0,0,0,0,0,0,0,0,0,0,0,0,0,0,0,0,0,0,0,0],[0,0,0,0,0,0,0,0,0,0,0,0,0,0,0,0,0,0,0,0,0,0,0,0],[0,0,0,0,0,0,0,0,0,0,0,0,0,0,0,0,0,0,0,0,0,0,0,0],[0,0,0,0,0,0,0,0,0,0,0,0,0,0,0,0,0,0,0,0,0,0,0,0],[0,0,0,0,0,0,0,0,0,0,0,0,0,0,0,0,0,0,0,0,0,0,0,0],[0,0,0,0,0,0,0,0,0,0,0,0,0,0,0,0,0,0,0,0,0,0,0,0],[0,0,0,0,0,0,0,0,0,0,0,0,0,0,0,0,0,0,0,0,0,0,0,0],[0,0,0,0,0,0,0,0,0,0,0,0,0,0,0,0,0,0,0,0,0,0,0,0],[0,0,0,0,0,0,0,0,0,0,0,0,0,0,0,0,0,0,0,0,0,0,0,0]],"energyweekendschedule":[[0,0,0,0,0,0,0,0,0,0,0,0,0,0,0,0,0,0,0,0,0,0,0,0],[0,0,0,0,0,0,0,0,0,0,0,0,0,0,0,0,0,0,0,0,0,0,0,0],[0,0,0,0,0,0,0,0,0,0,0,0,0,0,0,0,0,0,0,0,0,0,0,0],[0,0,0,0,0,0,0,0,0,0,0,0,0,0,0,0,0,0,0,0,0,0,0,0],[0,0,0,0,0,0,0,0,0,0,0,0,0,0,0,0,0,0,0,0,0,0,0,0],[0,0,0,0,0,0,0,0,0,0,0,0,0,0,0,0,0,0,0,0,0,0,0,0],[0,0,0,0,0,0,0,0,0,0,0,0,0,0,0,0,0,0,0,0,0,0,0,0],[0,0,0,0,0,0,0,0,0,0,0,0,0,0,0,0,0,0,0,0,0,0,0,0],[0,0,0,0,0,0,0,0,0,0,0,0,0,0,0,0,0,0,0,0,0,0,0,0],[0,0,0,0,0,0,0,0,0,0,0,0,0,0,0,0,0,0,0,0,0,0,0,0],[0,0,0,0,0,0,0,0,0,0,0,0,0,0,0,0,0,0,0,0,0,0,0,0],[0,0,0,0,0,0,0,0,0,0,0,0,0,0,0,0,0,0,0,0,0,0,0,0]],"energycomments":"Adjustments = Energy Cost adjustment + Energy Subsidy adjustment + Reliability Cost adjustment + Incremental Reliability Cost adjustment + Variable Energy adjustment + Capped Renewable Portfolio Standard Energy adjustment + Variable Renewable Portfolio Standard Energy adjustment","minmonthlycharge":10}]}