{"items":[{"label":"539fb6c7ec4f024bc1dc0439","uri":"https://openei.org/apps/USURDB/rate/view/539fb6c7ec4f024bc1dc0439","approved":true,"demandrateunit":"kW","description":"This rate shall apply only to the electric service requirements for a single-family dwelling (including its appurtenances if served through the same meter), where the major use of electricity is for domestic purposes such as lighting, household appliances, and the personal comfort and convenience of those residing within.\r\nApartment housing or multiple dwelling units may take service under this schedule, providing there is a separate meter for each apartment or dwelling unit.","startdate":1402272000,"eiaid":11268,"energycomments":"Fixed Monthly charge= Customer charge($10.80)+ Renewable energy charge($3.00)+ Low income Energy assistance fund charge($0.99)= $14.79\r\n\r\nEnergy charge adjustment=  PCA ($0.0199)+ Energy optimization cost adjustment ($0.001627)= $0.021527","energyratestructure":[[{"unit":"kWh","rate":0.0786,"adj":0.021527}]],"energyweekdayschedule":[[0,0,0,0,0,0,0,0,0,0,0,0,0,0,0,0,0,0,0,0,0,0,0,0],[0,0,0,0,0,0,0,0,0,0,0,0,0,0,0,0,0,0,0,0,0,0,0,0],[0,0,0,0,0,0,0,0,0,0,0,0,0,0,0,0,0,0,0,0,0,0,0,0],[0,0,0,0,0,0,0,0,0,0,0,0,0,0,0,0,0,0,0,0,0,0,0,0],[0,0,0,0,0,0,0,0,0,0,0,0,0,0,0,0,0,0,0,0,0,0,0,0],[0,0,0,0,0,0,0,0,0,0,0,0,0,0,0,0,0,0,0,0,0,0,0,0],[0,0,0,0,0,0,0,0,0,0,0,0,0,0,0,0,0,0,0,0,0,0,0,0],[0,0,0,0,0,0,0,0,0,0,0,0,0,0,0,0,0,0,0,0,0,0,0,0],[0,0,0,0,0,0,0,0,0,0,0,0,0,0,0,0,0,0,0,0,0,0,0,0],[0,0,0,0,0,0,0,0,0,0,0,0,0,0,0,0,0,0,0,0,0,0,0,0],[0,0,0,0,0,0,0,0,0,0,0,0,0,0,0,0,0,0,0,0,0,0,0,0],[0,0,0,0,0,0,0,0,0,0,0,0,0,0,0,0,0,0,0,0,0,0,0,0]],"energyweekendschedule":[[0,0,0,0,0,0,0,0,0,0,0,0,0,0,0,0,0,0,0,0,0,0,0,0],[0,0,0,0,0,0,0,0,0,0,0,0,0,0,0,0,0,0,0,0,0,0,0,0],[0,0,0,0,0,0,0,0,0,0,0,0,0,0,0,0,0,0,0,0,0,0,0,0],[0,0,0,0,0,0,0,0,0,0,0,0,0,0,0,0,0,0,0,0,0,0,0,0],[0,0,0,0,0,0,0,0,0,0,0,0,0,0,0,0,0,0,0,0,0,0,0,0],[0,0,0,0,0,0,0,0,0,0,0,0,0,0,0,0,0,0,0,0,0,0,0,0],[0,0,0,0,0,0,0,0,0,0,0,0,0,0,0,0,0,0,0,0,0,0,0,0],[0,0,0,0,0,0,0,0,0,0,0,0,0,0,0,0,0,0,0,0,0,0,0,0],[0,0,0,0,0,0,0,0,0,0,0,0,0,0,0,0,0,0,0,0,0,0,0,0],[0,0,0,0,0,0,0,0,0,0,0,0,0,0,0,0,0,0,0,0,0,0,0,0],[0,0,0,0,0,0,0,0,0,0,0,0,0,0,0,0,0,0,0,0,0,0,0,0],[0,0,0,0,0,0,0,0,0,0,0,0,0,0,0,0,0,0,0,0,0,0,0,0]],"flatdemandunit":"kW","phasewiring":"Single Phase","name":"Rate Schedule RS-121 Residential Service Secondary Rate","revisions":[1333982987,1333983314,1339425964,1354956170,1402338194,1402338596,1402338657,1402339008,1408006716,1427405209],"sector":"Residential","sourceparent":"http://www.lowell-light.org/","source":"http://www.lowell-light.org/LinkClick.aspx?fileticket=mUZ5UEl93L0%3d&tabid=121","utility":"City of Lowell, Michigan (Utility Company)","fixedmonthlycharge":14.79}]}