{"items":[{"label":"574382c25457a33d0c906f5b","uri":"https://openei.org/apps/USURDB/rate/view/574382c25457a33d0c906f5b","revisions":[1464020578,1464021101,1464021386,1500906605],"approved":true,"utility":"Baltimore Gas & Electric Co","eiaid":1167,"name":"Residential Service (Schedule R)","startdate":1456794000,"enddate":1498780800,"supersedes":"555b986c5457a3232042447a","sector":"Residential","description":"http://www.bge.com/myaccount/billsrates/ratestariffs/electricservice/Electric%20Services%20Rates%20and%20Tariffs/Rdr_1.pdf","source":"http://www.bge.com/myaccount/billsrates/ratestariffs/electricservice/Electric%20Services%20Rates%20and%20Tariffs/P3_SCH_R.pdf\r\n\r\nhttp://www.bge.com/myaccount/billsrates/ratestariffs/electricservice/Electric%20Rates%20Information%20Documents/POLR_Rates_PTC_MiscCharges.pdf","flatdemandunit":"kW","demandrateunit":"kW","energyratestructure":[[{"unit":"kWh","rate":0.12632,"adj":0.01148}],[{"unit":"kWh","rate":0.12467,"adj":0.01148}]],"energyweekdayschedule":[[0,0,0,0,0,0,0,0,0,0,0,0,0,0,0,0,0,0,0,0,0,0,0,0],[0,0,0,0,0,0,0,0,0,0,0,0,0,0,0,0,0,0,0,0,0,0,0,0],[0,0,0,0,0,0,0,0,0,0,0,0,0,0,0,0,0,0,0,0,0,0,0,0],[0,0,0,0,0,0,0,0,0,0,0,0,0,0,0,0,0,0,0,0,0,0,0,0],[0,0,0,0,0,0,0,0,0,0,0,0,0,0,0,0,0,0,0,0,0,0,0,0],[1,1,1,1,1,1,1,1,1,1,1,1,1,1,1,1,1,1,1,1,1,1,1,1],[1,1,1,1,1,1,1,1,1,1,1,1,1,1,1,1,1,1,1,1,1,1,1,1],[1,1,1,1,1,1,1,1,1,1,1,1,1,1,1,1,1,1,1,1,1,1,1,1],[1,1,1,1,1,1,1,1,1,1,1,1,1,1,1,1,1,1,1,1,1,1,1,1],[0,0,0,0,0,0,0,0,0,0,0,0,0,0,0,0,0,0,0,0,0,0,0,0],[0,0,0,0,0,0,0,0,0,0,0,0,0,0,0,0,0,0,0,0,0,0,0,0],[0,0,0,0,0,0,0,0,0,0,0,0,0,0,0,0,0,0,0,0,0,0,0,0]],"energyweekendschedule":[[0,0,0,0,0,0,0,0,0,0,0,0,0,0,0,0,0,0,0,0,0,0,0,0],[0,0,0,0,0,0,0,0,0,0,0,0,0,0,0,0,0,0,0,0,0,0,0,0],[0,0,0,0,0,0,0,0,0,0,0,0,0,0,0,0,0,0,0,0,0,0,0,0],[0,0,0,0,0,0,0,0,0,0,0,0,0,0,0,0,0,0,0,0,0,0,0,0],[0,0,0,0,0,0,0,0,0,0,0,0,0,0,0,0,0,0,0,0,0,0,0,0],[1,1,1,1,1,1,1,1,1,1,1,1,1,1,1,1,1,1,1,1,1,1,1,1],[1,1,1,1,1,1,1,1,1,1,1,1,1,1,1,1,1,1,1,1,1,1,1,1],[1,1,1,1,1,1,1,1,1,1,1,1,1,1,1,1,1,1,1,1,1,1,1,1],[1,1,1,1,1,1,1,1,1,1,1,1,1,1,1,1,1,1,1,1,1,1,1,1],[0,0,0,0,0,0,0,0,0,0,0,0,0,0,0,0,0,0,0,0,0,0,0,0],[0,0,0,0,0,0,0,0,0,0,0,0,0,0,0,0,0,0,0,0,0,0,0,0],[0,0,0,0,0,0,0,0,0,0,0,0,0,0,0,0,0,0,0,0,0,0,0,0]],"energycomments":"Rate = Generation + Transmission + Delivery.  Adjustments = Electric Efficiency charge + Energy Cost adjustment + Administrative Cost adjustment + Demand Response rider + Nuclear Decommissioning and Standard Offer Service Return credits + Financing credit + Rate Stabilization Plan charge + Peak Time rebate + Demand Resource charge + Electric Reliability Initiative surcharge","fixedmonthlycharge":7.5}]}