{"items":[{"label":"5775506c5457a3bf7bff4c80","uri":"https://openei.org/apps/USURDB/rate/view/5775506c5457a3bf7bff4c80","revisions":[1467284492,1467284727,1504712847],"approved":false,"utility":"Massachusetts Electric Co","eiaid":11804,"name":"R-1 Residential","startdate":1462060800,"enddate":1501459200,"supersedes":"54f8b23f5357a32f484ae816","sector":"Residential","description":"Electric delivery service under this rate is available for all domestic purposes in an individual private dwelling or an individual apartment and for church and farm purposes.","source":"http://www.nationalgridus.com/masselectric/home/rates/4_res.asp\r\nhttps://www9.nationalgridus.com/non_html/meco.pdf\r\n\r\nhttp://www.nationalgridus.com/masselectric/non_html/MA_Residential_Table.pdf","sourceparent":"https://www1.nationalgridus.com/StateLandingMA-MA-RES","flatdemandunit":"kW","demandrateunit":"kW","energyratestructure":[[{"max":600,"unit":"kWh","rate":0.08042,"adj":0.0881},{"unit":"kWh","rate":0.08042,"adj":0.09472}]],"energyweekdayschedule":[[0,0,0,0,0,0,0,0,0,0,0,0,0,0,0,0,0,0,0,0,0,0,0,0],[0,0,0,0,0,0,0,0,0,0,0,0,0,0,0,0,0,0,0,0,0,0,0,0],[0,0,0,0,0,0,0,0,0,0,0,0,0,0,0,0,0,0,0,0,0,0,0,0],[0,0,0,0,0,0,0,0,0,0,0,0,0,0,0,0,0,0,0,0,0,0,0,0],[0,0,0,0,0,0,0,0,0,0,0,0,0,0,0,0,0,0,0,0,0,0,0,0],[0,0,0,0,0,0,0,0,0,0,0,0,0,0,0,0,0,0,0,0,0,0,0,0],[0,0,0,0,0,0,0,0,0,0,0,0,0,0,0,0,0,0,0,0,0,0,0,0],[0,0,0,0,0,0,0,0,0,0,0,0,0,0,0,0,0,0,0,0,0,0,0,0],[0,0,0,0,0,0,0,0,0,0,0,0,0,0,0,0,0,0,0,0,0,0,0,0],[0,0,0,0,0,0,0,0,0,0,0,0,0,0,0,0,0,0,0,0,0,0,0,0],[0,0,0,0,0,0,0,0,0,0,0,0,0,0,0,0,0,0,0,0,0,0,0,0],[0,0,0,0,0,0,0,0,0,0,0,0,0,0,0,0,0,0,0,0,0,0,0,0]],"energyweekendschedule":[[0,0,0,0,0,0,0,0,0,0,0,0,0,0,0,0,0,0,0,0,0,0,0,0],[0,0,0,0,0,0,0,0,0,0,0,0,0,0,0,0,0,0,0,0,0,0,0,0],[0,0,0,0,0,0,0,0,0,0,0,0,0,0,0,0,0,0,0,0,0,0,0,0],[0,0,0,0,0,0,0,0,0,0,0,0,0,0,0,0,0,0,0,0,0,0,0,0],[0,0,0,0,0,0,0,0,0,0,0,0,0,0,0,0,0,0,0,0,0,0,0,0],[0,0,0,0,0,0,0,0,0,0,0,0,0,0,0,0,0,0,0,0,0,0,0,0],[0,0,0,0,0,0,0,0,0,0,0,0,0,0,0,0,0,0,0,0,0,0,0,0],[0,0,0,0,0,0,0,0,0,0,0,0,0,0,0,0,0,0,0,0,0,0,0,0],[0,0,0,0,0,0,0,0,0,0,0,0,0,0,0,0,0,0,0,0,0,0,0,0],[0,0,0,0,0,0,0,0,0,0,0,0,0,0,0,0,0,0,0,0,0,0,0,0],[0,0,0,0,0,0,0,0,0,0,0,0,0,0,0,0,0,0,0,0,0,0,0,0],[0,0,0,0,0,0,0,0,0,0,0,0,0,0,0,0,0,0,0,0,0,0,0,0]],"energycomments":"Rate/kWh is set as the transmission and distribution charges.\r\nAdjustment/kWh is basic service charge.","fixedmonthlycharge":4}]}