{"items":[{"label":"57acd7ff5457a38642c2daa1","uri":"https://openei.org/apps/USURDB/rate/view/57acd7ff5457a38642c2daa1","revisions":[1470923679,1470923901,1496148349],"approved":false,"utility":"Maui Electric Co Ltd","eiaid":11843,"name":"Maui-SCHEDULE TOU-R RESIDENTIAL TIME-OF-USE SERVICE - Three Phase","startdate":1464739200,"enddate":1493510400,"supersedes":"557b24085457a3031b8ba375","sector":"Residential","description":"Minimum Charge: $22.50","source":"http://www.mauielectric.com/vcmcontent/StaticFiles/FileScan/PDF/EnergyServices/Tarrifs/MECO/MauiRatesSchTOU-R.pdf","sourceparent":"https://www.mauielectric.com/my-account/rates-and-regulations/maui-electric-rates---maui","voltagecategory":"Secondary","phasewiring":"3-Phase","flatdemandunit":"kW","demandrateunit":"kW","energyratestructure":[[{"max":350,"unit":"kWh","rate":0.373409,"adj":0.005964},{"max":1200,"unit":"kWh","rate":0.373409,"adj":0.028564},{"unit":"kWh","rate":0.373409,"adj":0.034964}],[{"max":350,"unit":"kWh","rate":0.348409,"adj":0.005964},{"max":1200,"unit":"kWh","rate":0.348409,"adj":0.028564},{"unit":"kWh","rate":0.348409,"adj":0.034964}],[{"max":350,"unit":"kWh","rate":0.273409,"adj":0.005964},{"max":1200,"unit":"kWh","rate":0.273409,"adj":0.028564},{"unit":"kWh","rate":0.273409,"adj":0.034964}]],"energyweekdayschedule":[[2,2,2,2,2,2,2,1,1,1,1,1,1,1,1,1,1,0,0,0,0,2,2,2],[2,2,2,2,2,2,2,1,1,1,1,1,1,1,1,1,1,0,0,0,0,2,2,2],[2,2,2,2,2,2,2,1,1,1,1,1,1,1,1,1,1,0,0,0,0,2,2,2],[2,2,2,2,2,2,2,1,1,1,1,1,1,1,1,1,1,0,0,0,0,2,2,2],[2,2,2,2,2,2,2,1,1,1,1,1,1,1,1,1,1,0,0,0,0,2,2,2],[2,2,2,2,2,2,2,1,1,1,1,1,1,1,1,1,1,0,0,0,0,2,2,2],[2,2,2,2,2,2,2,1,1,1,1,1,1,1,1,1,1,0,0,0,0,2,2,2],[2,2,2,2,2,2,2,1,1,1,1,1,1,1,1,1,1,0,0,0,0,2,2,2],[2,2,2,2,2,2,2,1,1,1,1,1,1,1,1,1,1,0,0,0,0,2,2,2],[2,2,2,2,2,2,2,1,1,1,1,1,1,1,1,1,1,0,0,0,0,2,2,2],[2,2,2,2,2,2,2,1,1,1,1,1,1,1,1,1,1,0,0,0,0,2,2,2],[2,2,2,2,2,2,2,1,1,1,1,1,1,1,1,1,1,0,0,0,0,2,2,2]],"energyweekendschedule":[[2,2,2,2,2,2,2,1,1,1,1,1,1,1,1,1,1,1,1,1,1,2,2,2],[2,2,2,2,2,2,2,1,1,1,1,1,1,1,1,1,1,1,1,1,1,2,2,2],[2,2,2,2,2,2,2,1,1,1,1,1,1,1,1,1,1,1,1,1,1,2,2,2],[2,2,2,2,2,2,2,1,1,1,1,1,1,1,1,1,1,1,1,1,1,2,2,2],[2,2,2,2,2,2,2,1,1,1,1,1,1,1,1,1,1,1,1,1,1,2,2,2],[2,2,2,2,2,2,2,1,1,1,1,1,1,1,1,1,1,1,1,1,1,2,2,2],[2,2,2,2,2,2,2,1,1,1,1,1,1,1,1,1,1,1,1,1,1,2,2,2],[2,2,2,2,2,2,2,1,1,1,1,1,1,1,1,1,1,1,1,1,1,2,2,2],[2,2,2,2,2,2,2,1,1,1,1,1,1,1,1,1,1,1,1,1,1,2,2,2],[2,2,2,2,2,2,2,1,1,1,1,1,1,1,1,1,1,1,1,1,1,2,2,2],[2,2,2,2,2,2,2,1,1,1,1,1,1,1,1,1,1,1,1,1,1,2,2,2],[2,2,2,2,2,2,2,1,1,1,1,1,1,1,1,1,1,1,1,1,1,2,2,2]],"energycomments":"Energy = Avoided Fuel Cost + Avoided O&M Cost + Power Factor Adjustment | Adjustments = Public Benefits Fund Surcharge + Renewable Energy Infrastructure Cost Recovery Provision + Base Fuel/Energy Charge","fixedattrs":[{"Green Infrastructure Fee":"$1.13/month"}],"minmonthlycharge":22.5,"fixedmonthlycharge":13}]}