{"items":[{"label":"57acd5e65457a33153c2daa2","uri":"https://openei.org/apps/USURDB/rate/view/57acd5e65457a33153c2daa2","revisions":[1470923142,1470923284,1496139628],"approved":false,"utility":"Maui Electric Co Ltd","eiaid":11843,"name":"Maui-SCHEDULE R RESIDENTIAL SERVICE-Three Phase","startdate":1464739200,"enddate":1493510400,"supersedes":"557b0c9e5457a369058ba375","sector":"Residential","description":"Minimum Charge: $22.50","source":"http://www.mauielectric.com/vcmcontent/FileScan/PDF/EnergyServices/Tarrifs/MECO/MauiRatesSchR.pdf","sourceparent":"https://www.mauielectric.com/my-account/rates-and-regulations/maui-electric-rates---lanai","voltagecategory":"Secondary","phasewiring":"3-Phase","flatdemandunit":"kW","demandrateunit":"kW","energyratestructure":[[{"max":350,"unit":"kWh","rate":0.093393,"adj":0.23598},{"max":1200,"unit":"kWh","rate":0.115993,"adj":0.23598},{"unit":"kWh","rate":0.122393,"adj":0.23598}]],"energyweekdayschedule":[[0,0,0,0,0,0,0,0,0,0,0,0,0,0,0,0,0,0,0,0,0,0,0,0],[0,0,0,0,0,0,0,0,0,0,0,0,0,0,0,0,0,0,0,0,0,0,0,0],[0,0,0,0,0,0,0,0,0,0,0,0,0,0,0,0,0,0,0,0,0,0,0,0],[0,0,0,0,0,0,0,0,0,0,0,0,0,0,0,0,0,0,0,0,0,0,0,0],[0,0,0,0,0,0,0,0,0,0,0,0,0,0,0,0,0,0,0,0,0,0,0,0],[0,0,0,0,0,0,0,0,0,0,0,0,0,0,0,0,0,0,0,0,0,0,0,0],[0,0,0,0,0,0,0,0,0,0,0,0,0,0,0,0,0,0,0,0,0,0,0,0],[0,0,0,0,0,0,0,0,0,0,0,0,0,0,0,0,0,0,0,0,0,0,0,0],[0,0,0,0,0,0,0,0,0,0,0,0,0,0,0,0,0,0,0,0,0,0,0,0],[0,0,0,0,0,0,0,0,0,0,0,0,0,0,0,0,0,0,0,0,0,0,0,0],[0,0,0,0,0,0,0,0,0,0,0,0,0,0,0,0,0,0,0,0,0,0,0,0],[0,0,0,0,0,0,0,0,0,0,0,0,0,0,0,0,0,0,0,0,0,0,0,0]],"energyweekendschedule":[[0,0,0,0,0,0,0,0,0,0,0,0,0,0,0,0,0,0,0,0,0,0,0,0],[0,0,0,0,0,0,0,0,0,0,0,0,0,0,0,0,0,0,0,0,0,0,0,0],[0,0,0,0,0,0,0,0,0,0,0,0,0,0,0,0,0,0,0,0,0,0,0,0],[0,0,0,0,0,0,0,0,0,0,0,0,0,0,0,0,0,0,0,0,0,0,0,0],[0,0,0,0,0,0,0,0,0,0,0,0,0,0,0,0,0,0,0,0,0,0,0,0],[0,0,0,0,0,0,0,0,0,0,0,0,0,0,0,0,0,0,0,0,0,0,0,0],[0,0,0,0,0,0,0,0,0,0,0,0,0,0,0,0,0,0,0,0,0,0,0,0],[0,0,0,0,0,0,0,0,0,0,0,0,0,0,0,0,0,0,0,0,0,0,0,0],[0,0,0,0,0,0,0,0,0,0,0,0,0,0,0,0,0,0,0,0,0,0,0,0],[0,0,0,0,0,0,0,0,0,0,0,0,0,0,0,0,0,0,0,0,0,0,0,0],[0,0,0,0,0,0,0,0,0,0,0,0,0,0,0,0,0,0,0,0,0,0,0,0],[0,0,0,0,0,0,0,0,0,0,0,0,0,0,0,0,0,0,0,0,0,0,0,0]],"energycomments":"Energy = Avoided Fuel Cost + Avoided O&M Cost + Power Factor Adjustment | Adjustments = Public Benefits Fund Surcharge + Renewable Energy Infrastructure Cost Recovery Provision + Base Fuel/Energy Charge","fixedattrs":[{"Green Infrastructure Fee":"$1.13/month"}],"minmonthlycharge":22.5,"fixedmonthlycharge":13}]}