{"items":[{"label":"539fc344ec4f024c27d8ba71","uri":"https://openei.org/apps/USURDB/rate/view/539fc344ec4f024c27d8ba71","approved":true,"demandrateunit":"kW","description":"This schedule is applicable to single family and multiple family accommodations devoted primarily to domestic use, and includes services for lighting, cooking, heating, and power consuming appliances","startdate":1367388000,"eiaid":1192,"energyratestructure":[[{"max":308,"rate":0.1688,"unit":"kWh"},{"max":1000,"rate":0.219,"unit":"kWh"},{"rate":0.288,"unit":"kWh"}],[{"max":250,"rate":0.1688,"unit":"kWh"},{"max":1500,"rate":0.219,"unit":"kWh"},{"rate":0.288,"unit":"kWh"}],[{"max":498,"rate":0.1688,"unit":"kWh"},{"max":1000,"rate":0.219,"unit":"kWh"},{"rate":0.288,"unit":"kWh"}]],"energyweekdayschedule":[[2,2,2,2,2,2,2,2,2,2,2,2,2,2,2,2,2,2,2,2,2,2,2,2],[2,2,2,2,2,2,2,2,2,2,2,2,2,2,2,2,2,2,2,2,2,2,2,2],[2,2,2,2,2,2,2,2,2,2,2,2,2,2,2,2,2,2,2,2,2,2,2,2],[0,0,0,0,0,0,0,0,0,0,0,0,0,0,0,0,0,0,0,0,0,0,0,0],[0,0,0,0,0,0,0,0,0,0,0,0,0,0,0,0,0,0,0,0,0,0,0,0],[1,1,1,1,1,1,1,1,1,1,1,1,1,1,1,1,1,1,1,1,1,1,1,1],[1,1,1,1,1,1,1,1,1,1,1,1,1,1,1,1,1,1,1,1,1,1,1,1],[1,1,1,1,1,1,1,1,1,1,1,1,1,1,1,1,1,1,1,1,1,1,1,1],[1,1,1,1,1,1,1,1,1,1,1,1,1,1,1,1,1,1,1,1,1,1,1,1],[0,0,0,0,0,0,0,0,0,0,0,0,0,0,0,0,0,0,0,0,0,0,0,0],[2,2,2,2,2,2,2,2,2,2,2,2,2,2,2,2,2,2,2,2,2,2,2,2],[2,2,2,2,2,2,2,2,2,2,2,2,2,2,2,2,2,2,2,2,2,2,2,2]],"energyweekendschedule":[[2,2,2,2,2,2,2,2,2,2,2,2,2,2,2,2,2,2,2,2,2,2,2,2],[2,2,2,2,2,2,2,2,2,2,2,2,2,2,2,2,2,2,2,2,2,2,2,2],[2,2,2,2,2,2,2,2,2,2,2,2,2,2,2,2,2,2,2,2,2,2,2,2],[0,0,0,0,0,0,0,0,0,0,0,0,0,0,0,0,0,0,0,0,0,0,0,0],[0,0,0,0,0,0,0,0,0,0,0,0,0,0,0,0,0,0,0,0,0,0,0,0],[1,1,1,1,1,1,1,1,1,1,1,1,1,1,1,1,1,1,1,1,1,1,1,1],[1,1,1,1,1,1,1,1,1,1,1,1,1,1,1,1,1,1,1,1,1,1,1,1],[1,1,1,1,1,1,1,1,1,1,1,1,1,1,1,1,1,1,1,1,1,1,1,1],[1,1,1,1,1,1,1,1,1,1,1,1,1,1,1,1,1,1,1,1,1,1,1,1],[0,0,0,0,0,0,0,0,0,0,0,0,0,0,0,0,0,0,0,0,0,0,0,0],[2,2,2,2,2,2,2,2,2,2,2,2,2,2,2,2,2,2,2,2,2,2,2,2],[2,2,2,2,2,2,2,2,2,2,2,2,2,2,2,2,2,2,2,2,2,2,2,2]],"flatdemandunit":"kW","name":"Residential","revisions":[1342024058,1342024195,1342024346,1354884300,1384271026,1384271069,1384271174,1384271356,1427405209],"sector":"Residential","source":"http://www.ci.banning.ca.us/DocumentView.aspx?DID=230","utility":"City of Banning, California (Utility Company)","fixedmonthlycharge":3}]}