{"items":[{"label":"539fbcbeec4f024c27d87389","uri":"https://openei.org/apps/USURDB/rate/view/539fbcbeec4f024c27d87389","approved":true,"basicinformationcomments":"Adjustments $/kWh = Cost of Power Adjustment($0.1122) + Power Cost Equalization(Only for first 500 kWh $-0.4884) = $-0.37622","demandrateunit":"kW","description":"Residential service to individual private dwellings, farms, or apartments.\n\nSPECIAL PROVISIONS:\nWhen a customer operates a commercial establishment (incidental to his residence) in\nthe same building or on the same premises as his residence and takes his entire service\nthrough one meter, this rate schedule will apply for the entire service only if the connected\nload in the residential portion exceeds that in the commercial portion providing that the\nconnected load in the commercial portion does not exceed 1,500 watts. If the reverse is\ntrue the approximate commercial rate will apply to the entire service. However, the\ncustomer may elect to take service under both the residential and commercial rates, in\nwhich case there will be a separate meter for the residential portion and a separate meter\nfor the commercial portion.","startdate":1385877600,"eiaid":12119,"energycomments":"Adjustments = Power Cost Equalization Credit (only applicable to the first 500 kWh) + Cost of Power Adjustment + Regulatory Cost Charge","energyratestructure":[[{"max":500,"rate":0.7098,"adj":-0.375622,"unit":"kWh"},{"rate":0.7098,"adj":0.1122,"unit":"kWh"}]],"energyweekdayschedule":[[0,0,0,0,0,0,0,0,0,0,0,0,0,0,0,0,0,0,0,0,0,0,0,0],[0,0,0,0,0,0,0,0,0,0,0,0,0,0,0,0,0,0,0,0,0,0,0,0],[0,0,0,0,0,0,0,0,0,0,0,0,0,0,0,0,0,0,0,0,0,0,0,0],[0,0,0,0,0,0,0,0,0,0,0,0,0,0,0,0,0,0,0,0,0,0,0,0],[0,0,0,0,0,0,0,0,0,0,0,0,0,0,0,0,0,0,0,0,0,0,0,0],[0,0,0,0,0,0,0,0,0,0,0,0,0,0,0,0,0,0,0,0,0,0,0,0],[0,0,0,0,0,0,0,0,0,0,0,0,0,0,0,0,0,0,0,0,0,0,0,0],[0,0,0,0,0,0,0,0,0,0,0,0,0,0,0,0,0,0,0,0,0,0,0,0],[0,0,0,0,0,0,0,0,0,0,0,0,0,0,0,0,0,0,0,0,0,0,0,0],[0,0,0,0,0,0,0,0,0,0,0,0,0,0,0,0,0,0,0,0,0,0,0,0],[0,0,0,0,0,0,0,0,0,0,0,0,0,0,0,0,0,0,0,0,0,0,0,0],[0,0,0,0,0,0,0,0,0,0,0,0,0,0,0,0,0,0,0,0,0,0,0,0]],"energyweekendschedule":[[0,0,0,0,0,0,0,0,0,0,0,0,0,0,0,0,0,0,0,0,0,0,0,0],[0,0,0,0,0,0,0,0,0,0,0,0,0,0,0,0,0,0,0,0,0,0,0,0],[0,0,0,0,0,0,0,0,0,0,0,0,0,0,0,0,0,0,0,0,0,0,0,0],[0,0,0,0,0,0,0,0,0,0,0,0,0,0,0,0,0,0,0,0,0,0,0,0],[0,0,0,0,0,0,0,0,0,0,0,0,0,0,0,0,0,0,0,0,0,0,0,0],[0,0,0,0,0,0,0,0,0,0,0,0,0,0,0,0,0,0,0,0,0,0,0,0],[0,0,0,0,0,0,0,0,0,0,0,0,0,0,0,0,0,0,0,0,0,0,0,0],[0,0,0,0,0,0,0,0,0,0,0,0,0,0,0,0,0,0,0,0,0,0,0,0],[0,0,0,0,0,0,0,0,0,0,0,0,0,0,0,0,0,0,0,0,0,0,0,0],[0,0,0,0,0,0,0,0,0,0,0,0,0,0,0,0,0,0,0,0,0,0,0,0],[0,0,0,0,0,0,0,0,0,0,0,0,0,0,0,0,0,0,0,0,0,0,0,0],[0,0,0,0,0,0,0,0,0,0,0,0,0,0,0,0,0,0,0,0,0,0,0,0]],"flatdemandunit":"kW","phasewiring":"Single Phase","name":"Permanent Residential Rates","revisions":[1399992895,1399993046,1399993160,1399993889,1400770767,1400771519,1401396289,1427405209],"sector":"Residential","voltagemaximum":240,"voltageminimum":120,"sourceparent":"http://rca.alaska.gov/RCAWeb/Certificate/CertificateDetails.aspx?id=1d8176b6-ae92-46d5-ae69-3cc02f7fdc65","source":"http://rca.alaska.gov/RCAWeb/ViewFile.aspx?id=8722acea-50a0-43aa-bc1b-93f421907ac7","utility":"McGrath Light & Power Co","fixedmonthlycharge":10}]}