{"items":[{"label":"539f7407ec4f024411ed037b","uri":"https://openei.org/apps/USURDB/rate/view/539f6cc7ec4f024411ecadf7","approved":true,"demandrateunit":"kW","description":"Service under this schedule is available to consumers for electric service in all territory served by the Cooperative, where the consumer takes service at one delivery point through one kilowatt-hour meter.","startdate":1333260000,"eiaid":12260,"energycomments":"*Tiered Energy Usage Charge= Energy Delivery Charges+ Electricity Supply Service\r\nAdjustments (-$.0003) = Rider S ($.00056) + Rider RS (-$.00086)","energyratestructure":[[{"max":650,"unit":"kWh","rate":0.09097,"adj":-0.0003},{"max":5000,"unit":"kWh","rate":0.08103,"adj":-0.0003},{"unit":"kWh","rate":0.0717,"adj":-0.0003}]],"energyweekdayschedule":[[0,0,0,0,0,0,0,0,0,0,0,0,0,0,0,0,0,0,0,0,0,0,0,0],[0,0,0,0,0,0,0,0,0,0,0,0,0,0,0,0,0,0,0,0,0,0,0,0],[0,0,0,0,0,0,0,0,0,0,0,0,0,0,0,0,0,0,0,0,0,0,0,0],[0,0,0,0,0,0,0,0,0,0,0,0,0,0,0,0,0,0,0,0,0,0,0,0],[0,0,0,0,0,0,0,0,0,0,0,0,0,0,0,0,0,0,0,0,0,0,0,0],[0,0,0,0,0,0,0,0,0,0,0,0,0,0,0,0,0,0,0,0,0,0,0,0],[0,0,0,0,0,0,0,0,0,0,0,0,0,0,0,0,0,0,0,0,0,0,0,0],[0,0,0,0,0,0,0,0,0,0,0,0,0,0,0,0,0,0,0,0,0,0,0,0],[0,0,0,0,0,0,0,0,0,0,0,0,0,0,0,0,0,0,0,0,0,0,0,0],[0,0,0,0,0,0,0,0,0,0,0,0,0,0,0,0,0,0,0,0,0,0,0,0],[0,0,0,0,0,0,0,0,0,0,0,0,0,0,0,0,0,0,0,0,0,0,0,0],[0,0,0,0,0,0,0,0,0,0,0,0,0,0,0,0,0,0,0,0,0,0,0,0]],"energyweekendschedule":[[0,0,0,0,0,0,0,0,0,0,0,0,0,0,0,0,0,0,0,0,0,0,0,0],[0,0,0,0,0,0,0,0,0,0,0,0,0,0,0,0,0,0,0,0,0,0,0,0],[0,0,0,0,0,0,0,0,0,0,0,0,0,0,0,0,0,0,0,0,0,0,0,0],[0,0,0,0,0,0,0,0,0,0,0,0,0,0,0,0,0,0,0,0,0,0,0,0],[0,0,0,0,0,0,0,0,0,0,0,0,0,0,0,0,0,0,0,0,0,0,0,0],[0,0,0,0,0,0,0,0,0,0,0,0,0,0,0,0,0,0,0,0,0,0,0,0],[0,0,0,0,0,0,0,0,0,0,0,0,0,0,0,0,0,0,0,0,0,0,0,0],[0,0,0,0,0,0,0,0,0,0,0,0,0,0,0,0,0,0,0,0,0,0,0,0],[0,0,0,0,0,0,0,0,0,0,0,0,0,0,0,0,0,0,0,0,0,0,0,0],[0,0,0,0,0,0,0,0,0,0,0,0,0,0,0,0,0,0,0,0,0,0,0,0],[0,0,0,0,0,0,0,0,0,0,0,0,0,0,0,0,0,0,0,0,0,0,0,0],[0,0,0,0,0,0,0,0,0,0,0,0,0,0,0,0,0,0,0,0,0,0,0,0]],"flatdemandmonths":[0,0,0,0,0,0,0,0,0,0,0,0],"flatdemandstructure":[[{"max":30,"rate":0},{"rate":2.25}]],"flatdemandunit":"kW","phasewiring":"3-Phase","name":"SCHEDULE R-U HOME AND FARM SERVICE Multi-Phase","revisions":[1401392556,1401392705,1403165442,1427405203],"sector":"Residential","sourceparent":"http://www.meckelec.org/varates.html","source":"http://www.meckelec.org/pdf/Unstamped%20MEC_Final_VA_unbundled_Tariffs_2009%20%282%29_Part2.pdf","supersedes":"539f6cc7ec4f024411ecadf7","utility":"Mecklenburg Electric Coop, Inc","voltagecategory":"Secondary","fixedmonthlycharge":36}]}